tau,x,y,theta,v,omega,v2_plus_omega2
0.000000000000000000e+00,0.000000000000000000e+00,0.000000000000000000e+00,0.000000000000000000e+00,-7.442100147976091762e-01,1.202560374315960301e+00,2.000000000000000000e+00
2.004008016032063962e-03,-2.419413876881001870e-03,-4.741786352074067638e-06,3.947812040875465535e-03,-7.337143215034173105e-01,1.208992677571200325e+00,2.000000000000000444e+00
4.008016032064127925e-03,-4.804316966678885692e-03,-1.885530965471014924e-05,7.916545275185909308e-03,-7.231514806326750922e-01,1.215340255261369240e+00,2.000000000000000444e+00
6.012024048096191453e-03,-7.154454400384987513e-03,-4.211412197947188958e-05,1.190592091985710060e-02,-7.125222203035201929e-01,1.221602261611258733e+00,2.000000000000000444e+00
8.016032064128255849e-03,-9.469574825858896594e-03,-7.428624692189677475e-05,1.591565743123904073e-02,-7.018272836884931198e-01,1.227777856075940033e+00,2.000000000000000444e+00
1.002004008016032024e-02,-1.174943051958580488e-02,-1.151342299019241032e-04,1.994547052277775498e-02,-6.910674290025635713e-01,1.233866203675174411e+00,2.000000000000000000e+00
1.202404809619238291e-02,-1.399377749815026994e-02,-1.644151916040103309e-04,2.399507318378459042e-02,-6.802434294825896455e-01,1.239866475329406192e+00,1.999999999999999778e+00
1.402805611222444730e-02,-1.620237562933514106e-02,-2.218808845652316467e-04,2.806417569930779593e-02,-6.693560733581157551e-01,1.245777848197103355e+00,2.000000000000000444e+00
1.603206412825651170e-02,-1.837498874275339880e-02,-2.872777529168854213e-04,3.215248567111035627e-02,-6.584061638134202088e-01,1.251599506013203911e+00,2.000000000000000444e+00
1.803607214428857436e-02,-2.051138473991985511e-02,-3.603469952822559120e-04,3.625970803975735873e-02,-6.473945189407391831e-01,1.257330639428423824e+00,2.000000000000000000e+00
2.004008016032064049e-02,-2.261133570366890416e-02,-4.408246308303074039e-04,4.038554510781531409e-02,-6.363219716845887053e-01,1.262970446349176212e+00,2.000000000000000000e+00
2.204408817635270315e-02,-2.467461800682377998e-02,-5.284415684821126662e-04,4.452969656416490285e-02,-6.251893697771264691e-01,1.268518132277847821e+00,2.000000000000000000e+00
2.404809619238476581e-02,-2.670101242002240194e-02,-6.229236792638259039e-04,4.869185950942810093e-02,-6.139975756644920901e-01,1.273972910653176527e+00,2.000000000000000444e+00
2.605210420841683194e-02,-2.869030421860423868e-02,-7.239918717969579757e-04,5.287172848250934476e-02,-6.027474664240811686e-01,1.279334003190469193e+00,2.000000000000000444e+00
2.805611222444889460e-02,-3.064228328846242688e-02,-8.313621709136278549e-04,5.706899548824997254e-02,-5.914399336727087508e-01,1.284600640221396750e+00,2.000000000000000444e+00
3.006012024048096073e-02,-3.255674423076517637e-02,-9.447457993813423516e-04,6.128335002619407501e-02,-5.800758834656352114e-01,1.289772061033096939e+00,2.000000000000000000e+00
3.206412825651302340e-02,-3.443348646545022623e-02,-1.063849262718694197e-03,6.551447912046291788e-02,-5.686562361864254678e-01,1.294847514206320938e+00,2.000000000000000000e+00
3.406813627254508953e-02,-3.627231433339637989e-02,-1.188374437080196976e-03,6.976206735073464671e-02,-5.571819264276304251e-01,1.299826257952344521e+00,2.000000000000000000e+00
3.607214428857714872e-02,-3.807303719717599483e-02,-1.318018660185254782e-03,7.402579688432436855e-02,-5.456539028622818810e-01,1.304707560448378656e+00,2.000000000000000444e+00
3.807615230460921485e-02,-3.983546954029284354e-02,-1.452474825263057583e-03,7.830534750935974619e-02,-5.340731281062052194e-01,1.309490700171197508e+00,2.000000000000000000e+00
4.008016032064128098e-02,-4.155943106480980420e-02,-1.591431477981936288e-03,8.260039666904531175e-02,-5.224405785711609962e-01,1.314174966228709884e+00,2.000000000000000444e+00
4.208416833667334017e-02,-4.324474678727171367e-02,-1.734572916328485075e-03,8.691061949700869260e-02,-5.107572443088355119e-01,1.318759658689195868e+00,1.999999999999999778e+00
4.408817635270540630e-02,-4.489124713282905549e-02,-1.881579293398495363e-03,9.123568885372052018e-02,-4.990241288457109015e-01,1.323244088907930660e+00,2.000000000000000000e+00
4.609218436873747243e-02,-4.649876802746887722e-02,-2.032126723058495874e-03,9.557527536397884826e-02,-4.872422490088541003e-01,1.327627579850913619e+00,2.000000000000000444e+00
4.809619238476953162e-02,-4.806715098826053884e-02,-2.185887388433467322e-03,9.992904745544842204e-02,-4.754126347426729793e-01,1.331909466415427845e+00,1.999999999999999778e+00
5.010020040080159776e-02,-4.959624321152450444e-02,-2.342529653173055452e-03,1.042966713982438898e-01,-4.635363289166982703e-01,1.336089095747147626e+00,2.000000000000000000e+00
5.210420841683366389e-02,-5.108589765883369410e-02,-2.501718175445394321e-03,1.086778113455449529e-01,-4.516143871244590602e-01,1.340165827553515543e+00,1.999999999999999778e+00
5.410821643286573002e-02,-5.253597314075821034e-02,-2.663114024604477589e-03,1.130721293752311174e-01,-4.396478774735270156e-01,1.344139034413115663e+00,2.000000000000000444e+00
5.611222444889778921e-02,-5.394633439826555105e-02,-2.826374800473832605e-03,1.174792855325223206e-01,-4.276378803668194339e-01,1.348008102080760606e+00,2.000000000000000444e+00
5.811623246492985534e-02,-5.531685218168994056e-02,-2.991154755186146898e-03,1.218989378736110574e-01,-4.155854882752537671e-01,1.351772429788024255e+00,2.000000000000000000e+00
6.012024048096192147e-02,-5.664740332718602028e-02,-3.157104917515380933e-03,1.263307425102703496e-01,-4.034918055018618110e-01,1.355431430538943882e+00,2.000000000000000000e+00
6.212424849699398066e-02,-5.793787083058399290e-02,-3.323873219634885991e-03,1.307743536554216990e-01,-3.913579479374784120e-01,1.358984531400621254e+00,2.000000000000000000e+00
6.412825651302604679e-02,-5.918814391856513230e-02,-3.491104626232031591e-03,1.352294236696457708e-01,-3.791850428081267044e-01,1.362431173788459349e+00,2.000000000000000000e+00
6.613226452905811292e-02,-6.039811811707847256e-02,-3.658441265906905993e-03,1.396956031086175054e-01,-3.669742284142397670e-01,1.365770813745766699e+00,2.000000000000000444e+00
6.813627254509017905e-02,-6.156769531692181385e-02,-3.825522564779793716e-03,1.441725407714472551e-01,-3.547266538618535359e-01,1.369002922217470442e+00,2.000000000000000888e+00
7.014028056112224518e-02,-6.269678383641229258e-02,-3.991985382229301139e-03,1.486598837499078785e-01,-3.424434787859336748e-01,1.372126985317681180e+00,2.000000000000000000e+00
7.214428857715429744e-02,-6.378529848107414302e-02,-4.157464148680266487e-03,1.531572774785274482e-01,-3.301258730659884510e-01,1.375142504590858294e+00,2.000000000000000000e+00
7.414829659318636357e-02,-6.483316060027373429e-02,-4.321591005357936811e-03,1.576643657855262004e-01,-3.177750165341448052e-01,1.378048997266325015e+00,1.999999999999999778e+00
7.615230460921842970e-02,-6.584029814073456832e-02,-4.483995945922280776e-03,1.621807909445753815e-01,-3.053920986758659750e-01,1.380845996505892126e+00,2.000000000000000000e+00
7.815631262525049583e-02,-6.680664569686767251e-02,-4.644306959893848390e-03,1.667061937273552341e-01,-2.929783183234951904e-01,1.383533051644353362e+00,2.000000000000000444e+00
8.016032064128256196e-02,-6.773214455785549204e-02,-4.802150177780152400e-03,1.712402134568883627e-01,-2.805348833428286670e-01,1.386109728422618703e+00,2.000000000000000000e+00
8.216432865731462809e-02,-6.861674275143032908e-02,-4.957150017809248445e-03,1.757824880616239149e-01,-2.680630103129164610e-01,1.388575609213260620e+00,2.000000000000000888e+00
8.416833667334668034e-02,-6.946039508429141529e-02,-5.108929334174975787e-03,1.803326541302474328e-01,-2.555639241993098998e-01,1.390930293238251902e+00,2.000000000000000000e+00
8.617234468937874647e-02,-7.026306317910784027e-02,-5.257109566696234471e-03,1.848903469671906719e-01,-2.430388580209730254e-01,1.393173396778685902e+00,2.000000000000000444e+00
8.817635270541081260e-02,-7.102471550805740386e-02,-5.401310891790639911e-03,1.894552006488141593e-01,-2.304890525110901423e-01,1.395304553376265577e+00,2.000000000000000000e+00
9.018036072144287874e-02,-7.174532742285527620e-02,-5.541152374661072709e-03,1.940268480802361251e-01,-2.179157557720030058e-01,1.397323414026372390e+00,2.000000000000000000e+00
9.218436873747494487e-02,-7.242488118122913932e-02,-5.676252122591817460e-03,1.986049210527791320e-01,-2.053202229245241761e-01,1.399229647362513429e+00,2.000000000000000000e+00
9.418837675350701100e-02,-7.306336596980125830e-02,-5.806227439249384871e-03,2.031890503020063465e-01,-1.927037157518744215e-01,1.401022939831972014e+00,2.000000000000000444e+00
9.619238476953906325e-02,-7.366077792334126129e-02,-5.930694979881575429e-03,2.077788655663181105e-01,-1.800675023385045481e-01,1.402702995862478597e+00,2.000000000000000000e+00
9.819639278557112938e-02,-7.421712014035702909e-02,-6.049270907306951613e-03,2.123739956460794498e-01,-1.674128567040623350e-01,1.404269538019744079e+00,2.000000000000000444e+00
1.002004008016031955e-01,-7.473240269499462074e-02,-6.161571048585627076e-03,2.169740684632477656e-01,-1.547410584327769956e-01,1.405722307155685913e+00,2.000000000000000444e+00
1.022044088176352616e-01,-7.520664264522196329e-02,-6.267211052261168445e-03,2.215787111214707061e-01,-1.420533922985347808e-01,1.407061062547208197e+00,1.999999999999999778e+00
1.042084168336673278e-01,-7.563986403727460117e-02,-6.365806546062393982e-03,2.261875499666225753e-01,-1.293511478859279973e-01,1.408285582025390559e+00,2.000000000000000444e+00
1.062124248496993939e-01,-7.603209790634568588e-02,-6.456973294953019006e-03,2.308002106477477222e-01,-1.166356192075626574e-01,1.409395662094952151e+00,2.000000000000000000e+00
1.082164328657314600e-01,-7.638338227350609244e-02,-6.540327359416381499e-03,2.354163181783791581e-01,-1.039081043179165970e-01,1.410391118043876846e+00,2.000000000000000000e+00
1.102204408817635123e-01,-7.669376213884443461e-02,-6.615485253861918408e-03,2.400354969981995656e-01,-9.116990492404172808e-02,1.411271784043081290e+00,2.000000000000000444e+00
1.122244488977955784e-01,-7.696328947082066441e-02,-6.682064105039627749e-03,2.446573710350124498e-01,-7.842232599341152077e-02,1.412037513236026998e+00,2.000000000000000000e+00
1.142284569138276445e-01,-7.719202319183061933e-02,-6.739681810348487068e-03,2.492815637669896778e-01,-6.566667535921522081e-02,1.412688177818186341e+00,2.000000000000000444e+00
1.162324649298597107e-01,-7.738002915998297426e-02,-6.787957195924659154e-03,2.539076982851628528e-01,-5.290426332340564947e-02,1.413223669106276947e+00,2.000000000000000000e+00
1.182364729458917768e-01,-7.752738014709389947e-02,-6.826510174395330685e-03,2.585353973561242413e-01,-4.013640225780931714e-02,1.413643897597198995e+00,2.000000000000000888e+00
1.202404809619238429e-01,-7.763415581290855627e-02,-6.854961902184187293e-03,2.631642834849038937e-01,-2.736440620360994572e-02,1.413948793016608585e+00,2.000000000000000444e+00
1.222444889779558952e-01,-7.770044267556250328e-02,-6.872934936254848637e-03,2.677939789779884561e-01,-1.458959046952106216e-02,1.414138304357084985e+00,1.999999999999999778e+00
1.242484969939879613e-01,-7.772633407830002727e-02,-6.880053390179029400e-03,2.724241060064483966e-01,-1.813271228959320884e-03,1.414212399905845352e+00,2.000000000000000444e+00
1.262525050100200275e-01,-7.771193015247013225e-02,-6.875943089416800165e-03,2.770542866691381167e-01,1.096323488346056911e-02,1.414171067261980941e+00,2.000000000000000000e+00
1.282565130260520936e-01,-7.765733777682493066e-02,-6.860231725697073235e-03,2.816841430559357540e-01,2.373861117579557228e-02,1.414014313343201268e+00,2.000000000000000444e+00
1.302605210420841597e-01,-7.756267053314884474e-02,-6.832549010387325809e-03,2.863132973109879242e-01,3.651154130268832732e-02,1.413742164382070898e+00,2.000000000000000000e+00
1.322645290581162258e-01,-7.742804865825093918e-02,-6.792526826742607653e-03,2.909413716959245999e-01,4.928070966900919420e-02,1.413354665911751740e+00,2.000000000000000444e+00
1.342685370741482920e-01,-7.725359899235630101e-02,-6.739799380925065239e-03,2.955679886530105382e-01,6.204480183290626838e-02,1.412851882741257281e+00,2.000000000000000000e+00
1.362725450901803581e-01,-7.703945492393617089e-02,-6.674003351686524053e-03,3.001927708681982332e-01,7.480250490794944362e-02,1.412233898920251862e+00,1.999999999999999778e+00
1.382765531062124242e-01,-7.678575633102012465e-02,-6.594778038608128772e-03,3.048153413340488616e-01,8.755250796405075753e-02,1.411500817693424059e+00,1.999999999999999778e+00
1.402805611222444904e-01,-7.649264951903721188e-02,-6.501765508792629183e-03,3.094353234124865848e-01,1.002935024268479525e-01,1.410652761444486814e+00,2.000000000000000444e+00
1.422845691382765287e-01,-7.616028715523633086e-02,-6.394610741906627503e-03,3.140523408973526776e-01,1.130241824752373503e-01,1.409689871629857594e+00,2.000000000000000000e+00
1.442885771543085949e-01,-7.578882819973982443e-02,-6.272961773471931977e-03,3.186660180767260653e-01,1.257432454367495567e-01,1.408612308702090532e+00,2.000000000000000000e+00
1.462925851703406610e-01,-7.537843783328730674e-02,-6.136469836307186995e-03,3.232759797949759095e-01,1.384493921804573202e-01,1.407420252023134033e+00,2.000000000000000444e+00
1.482965931863727271e-01,-7.492928738173028347e-02,-5.984789500022985598e-03,3.278818515145142665e-01,1.511413275071135376e-01,1.406113899767507336e+00,2.000000000000000000e+00
1.503006012024047933e-01,-7.444155423734122312e-02,-5.817578808475937571e-03,3.324832593772149569e-01,1.638177605362198253e-01,1.404693468815491286e+00,1.999999999999999778e+00
1.523046092184368594e-01,-7.391542177700373417e-02,-5.634499415089488233e-03,3.370798302654669509e-01,1.764774050897273683e-01,1.403159194636445006e+00,2.000000000000000888e+00
1.543086172344689255e-01,-7.335107927735375066e-02,-5.435216715951708168e-03,3.416711918628294598e-01,1.891189800720797509e-01,1.401511331162362151e+00,2.000000000000000000e+00
1.563126252505009917e-01,-7.274872182694426537e-02,-5.219399980602855427e-03,3.462569727142573717e-01,2.017412098463080006e-01,1.399750150651803970e+00,2.000000000000000000e+00
1.583166332665330578e-01,-7.210855023550916121e-02,-4.986722480428138100e-03,3.508368022858656121e-01,2.143428246058982078e-01,1.397875943544335309e+00,2.000000000000000444e+00
1.603206412825651239e-01,-7.143077094040428676e-02,-4.736861614573866820e-03,3.554103110242017860e-01,2.269225607421526680e-01,1.395889018305618956e+00,2.000000000000000444e+00
1.623246492985971901e-01,-7.071559591030650294e-02,-4.469499033308029987e-03,3.599771304149964601e-01,2.394791612067735109e-01,1.393789701263322023e+00,2.000000000000000444e+00
1.643286573146292562e-01,-6.996324254625391204e-02,-4.184320758749247512e-03,3.645368930413613318e-01,2.520113758694033090e-01,1.391578336433996865e+00,1.999999999999999778e+00
1.663326653306613223e-01,-6.917393358011288129e-02,-3.881017302891073394e-03,3.690892326414062508e-01,2.645179618698634827e-01,1.389255285341111756e+00,2.000000000000000444e+00
1.683366733466933607e-01,-6.834789697055959623e-02,-3.559283782851709130e-03,3.736337841652462854e-01,2.769976839648383149e-01,1.386820926824410272e+00,2.000000000000000888e+00
1.703406813627254268e-01,-6.748536579666596091e-02,-3.218820033282318149e-03,3.781701838313707431e-01,2.894493148687591333e-01,1.384275656840791902e+00,2.000000000000000000e+00
1.723446893787574929e-01,-6.658657814918196582e-02,-2.859330715870449496e-03,3.826980691823463898e-01,3.018716355886472691e-01,1.381619888256909512e+00,2.000000000000000000e+00
1.743486973947895591e-01,-6.565177701960789314e-02,-2.480525425878205882e-03,3.872170791398288348e-01,3.142634357526892241e-01,1.378854050633683048e+00,2.000000000000000000e+00
1.763527054108216252e-01,-6.468121018715203285e-02,-2.082118795658292280e-03,3.917268540588551562e-01,3.266235139323168668e-01,1.375978590002949753e+00,2.000000000000000000e+00
1.783567134268536913e-01,-6.367513010367081838e-02,-1.663830595094366403e-03,3.962270357813929555e-01,3.389506779575796602e-01,1.372993968636460282e+00,2.000000000000000444e+00
1.803607214428857575e-01,-6.263379377668980286e-02,-1.225385828915584886e-03,4.007172676891209706e-01,3.512437452255976478e-01,1.369900664807450763e+00,2.000000000000000000e+00
1.823647294589178236e-01,-6.155746265060534766e-02,-7.665148308386954094e-04,4.051971947554169340e-01,3.635015430019009064e-01,1.366699172545018159e+00,2.000000000000000000e+00
1.843687374749498897e-01,-6.044640248616785227e-02,-2.869533544945260749e-04,4.096664635965302503e-01,3.757229087144611790e-01,1.363390001381536099e+00,2.000000000000000444e+00
1.863727454909819559e-01,-5.930088323834857567e-02,2.135573389007518782e-04,4.141247225219164552e-01,3.879066902402347194e-01,1.359973676093352513e+00,2.000000000000000444e+00
1.883767535070140220e-01,-5.812117893269288377e-02,7.352703961656665687e-04,4.185716215837121390e-01,4.000517461840427114e-01,1.356450736435016458e+00,2.000000000000000444e+00
1.903807615230460881e-01,-5.690756754026364550e-02,1.278433291097317084e-03,4.230068126253296312e-01,4.121569461496265574e-01,1.352821736867283686e+00,2.000000000000000000e+00
1.923847695390781265e-01,-5.566033085127895796e-02,1.843287746768020562e-03,4.274299493291511820e-01,4.242211710027202765e-01,1.349087246279157659e+00,1.999999999999999778e+00
1.943887775551101926e-01,-5.437975434754900583e-02,2.430069661200173151e-03,4.318406872633041016e-01,4.362433131259968455e-01,1.345247847704226452e+00,2.000000000000000000e+00
1.963927855711422588e-01,-5.306612707381731797e-02,3.039009036441028648e-03,4.362386839274977057e-01,4.482222766657484314e-01,1.341304138031555127e+00,1.999999999999999778e+00
1.983967935871743249e-01,-5.171974150811149001e-02,3.670329911055821015e-03,4.406235987979057467e-01,4.601569777701767228e-01,1.337256727711406024e+00,2.000000000000000444e+00
2.004008016032063910e-01,-5.034089343120903837e-02,4.324250296053842868e-03,4.449950933710770662e-01,4.720463448191732359e-01,1.333106240456048086e+00,2.000000000000000444e+00
2.024048096192384572e-01,-4.892988179532373194e-02,5.000982114258733721e-03,4.493528312068590935e-01,4.838893186454817918e-01,1.328853312935935671e+00,2.000000000000000444e+00
2.044088176352705233e-01,-4.748700859211756053e-02,5.700731143130678864e-03,4.536964779703196449e-01,4.956848527471433563e-01,1.324498594471524182e+00,2.000000000000000444e+00
2.064128256513025894e-01,-4.601257872014329758e-02,6.423696961044771982e-03,4.580257014726526466e-01,5.074319134911372542e-01,1.320042746721000526e+00,2.000000000000000444e+00
2.084168336673346555e-01,-4.450689985182217784e-02,7.170072897026354662e-03,4.623401717110556808e-01,5.191294803081329956e-01,1.315486443364205948e+00,2.000000000000000444e+00
2.104208416833667217e-01,-4.297028230006058602e-02,7.940045983940763677e-03,4.666395609075664752e-01,5.307765458782887080e-01,1.310830369783029248e+00,2.000000000000000000e+00
2.124248496993987878e-01,-4.140303888460904191e-02,8.733796915131573219e-03,4.709235435468480113e-01,5.423721163080312824e-01,1.306075222738547925e+00,2.000000000000000000e+00
2.144288577154308539e-01,-3.980548479826594849e-02,9.551500004498116383e-03,4.751917964129114269e-01,5.539152112977676623e-01,1.301221710045198154e+00,2.000000000000000444e+00
2.164328657314629201e-01,-3.817793747302771629e-02,1.039332314999985400e-02,4.794439986247678309e-01,5.654048643004865315e-01,1.296270550242251129e+00,2.000000000000000000e+00
2.184368737474949584e-01,-3.652071644628578778e-02,1.125942780057193060e-02,4.836798316710004819e-01,5.768401226712179808e-01,1.291222472262876453e+00,2.000000000000000444e+00
2.204408817635270246e-01,-3.483414322716987116e-02,1.214996892643326575e-02,4.878989794432503357e-01,5.882200478073241756e-01,1.286078215101068123e+00,2.000000000000000000e+00
2.224448897795590907e-01,-3.311854116313592972e-02,1.306509499276518188e-02,4.921011282686071908e-01,5.995437152796115887e-01,1.280838527476715338e+00,2.000000000000000444e+00
2.244488977955911568e-01,-3.137423530689532197e-02,1.400494793673604660e-02,4.962859669409026564e-01,6.108102149542576909e-01,1.275504167499085018e+00,2.000000000000000444e+00
2.264529058116232230e-01,-2.960155228378085618e-02,1.496966314784405755e-02,5.004531867508984488e-01,6.220186511055542100e-01,1.270075902329001361e+00,2.000000000000000000e+00
2.284569138276552891e-01,-2.780082015964351755e-02,1.595936945154773079e-02,5.046024815153672405e-01,6.331681425194820578e-01,1.264554507839986019e+00,2.000000000000000444e+00
2.304609218436873552e-01,-2.597236830937216939e-02,1.697418909615081017e-02,5.087335476050630634e-01,6.442578225881391285e-01,1.258940768278631106e+00,2.000000000000000000e+00
2.324649298597194214e-01,-2.411652728612682581e-02,1.801423774290568380e-02,5.128460839715781594e-01,6.552868393950469494e-01,1.253235475924477038e+00,2.000000000000000444e+00
2.344689378757514875e-01,-2.223362869137424092e-02,1.907962445929676371e-02,5.169397921730866097e-01,6.662543557913794823e-01,1.247439430749651246e+00,2.000000000000000000e+00
2.364729458917835536e-01,-2.032400504581278328e-02,2.017045171546288582e-02,5.210143763989734111e-01,6.771595494631590384e-01,1.241553440078537962e+00,2.000000000000000444e+00
2.384769539078156197e-01,-1.838798966127153448e-02,2.128681538371526155e-02,5.250695434933496664e-01,6.880016129894673815e-01,1.235578318247731122e+00,2.000000000000000444e+00
2.404809619238476859e-01,-1.642591651366661493e-02,2.242880474110531958e-02,5.291050029774552188e-01,6.987797538917449591e-01,1.229514886266527718e+00,2.000000000000000000e+00
2.424849699398797520e-01,-1.443812011709562360e-02,2.359650247499451431e-02,5.331204670709511761e-01,7.094931946742382145e-01,1.223363971478212076e+00,2.000000000000000000e+00
2.444889779559117904e-01,-1.242493539914899664e-02,2.478998469157600928e-02,5.371156507121052082e-01,7.201411728556770253e-01,1.217126407222376416e+00,2.000000000000000000e+00
2.464929859719438565e-01,-1.038669757751466485e-02,2.600932092729632897e-02,5.410902715768733939e-01,7.307229409922662011e-01,1.210803032498520615e+00,2.000000000000000444e+00
2.484969939879759226e-01,-8.323742037950786904e-03,2.725457416312272035e-02,5.450440500968826152e-01,7.412377666920795249e-01,1.204394691631168968e+00,2.000000000000000444e+00
2.505010020040079888e-01,-6.236404213698016827e-03,2.852580084160077911e-02,5.489767094763200461e-01,7.516849326209564808e-01,1.197902233936738448e+00,2.000000000000000444e+00
2.525050100200400549e-01,-4.125019466401440640e-03,2.982305088664458440e-02,5.528879757077349577e-01,7.620637365000065833e-01,1.191326513392381825e+00,2.000000000000000444e+00
2.545090180360721210e-01,-1.989922968609340610e-03,3.114636772600030273e-02,5.567775775867594978e-01,7.723734910948301113e-01,1.184668388307033693e+00,2.000000000000000444e+00
2.565130260521041872e-01,1.685504120862661021e-04,3.249578831632260467e-02,5.606452467257572181e-01,7.826135241965715972e-01,1.177928720994875222e+00,2.000000000000000444e+00
2.585170340681362533e-01,2.350066227204821410e-03,3.387134317080188473e-02,5.644907175664058974e-01,7.927831785949325250e-01,1.171108377451427707e+00,2.000000000000000444e+00
2.605210420841683194e-01,4.554290559768137125e-03,3.527305638927884235e-02,5.683137273912253207e-01,8.028818120432655858e-01,1.164208227032485166e+00,2.000000000000000000e+00
2.625250501002003856e-01,6.780890134869481389e-03,3.670094569078195812e-02,5.721140163340583396e-01,8.129087972158874909e-01,1.157229142136084965e+00,2.000000000000000000e+00
2.645290581162324517e-01,9.029532428365814878e-03,3.815502244842211566e-02,5.758913273895158724e-01,8.228635216577476763e-01,1.150171997887711406e+00,2.000000000000000000e+00
2.665330661322645178e-01,1.129988577364064717e-02,3.963529172657773159e-02,5.796454064213973911e-01,8.327453877265960092e-01,1.143037671828921686e+00,2.000000000000000444e+00
2.685370741482965840e-01,1.359161946638752332e-02,4.114175232030282264e-02,5.833760021700972187e-01,8.425538125277968193e-01,1.135827043609578091e+00,2.000000000000000000e+00
2.705410821643286501e-01,1.590440386736668987e-02,4.267439679688962706e-02,5.870828662590099611e-01,8.522882278419404711e-01,1.128540994683863818e+00,2.000000000000000000e+00
2.725450901803607162e-01,1.823791050308998241e-02,4.423321153951669665e-02,5.907657531999466194e-01,8.619480800454113467e-01,1.121180408010249430e+00,2.000000000000000000e+00
2.745490981963927823e-01,2.059181216439156734e-02,4.581817679291280698e-02,5.944244203975753704e-01,8.715328300240667847e-01,1.113746167755580441e+00,2.000000000000000444e+00
2.765531062124248485e-01,2.296578300284462387e-02,4.742926671096642233e-02,5.980586281529004511e-01,8.810419530801942845e-01,1.106239159003439498e+00,2.000000000000000444e+00
2.785571142284569146e-01,2.535949862498661569e-02,4.906644940621021633e-02,6.016681396657935776e-01,8.904749388329112891e-01,1.098660267466937679e+00,2.000000000000000000e+00
2.805611222444889807e-01,2.777263618431830353e-02,5.072968700110964263e-02,6.052527210365922228e-01,8.998312911121782998e-01,1.091010379206078351e+00,2.000000000000000888e+00
2.825651302605209914e-01,3.020487447104402284e-02,5.241893568108440399e-02,6.088121412667804044e-01,9.091105278465947404e-01,1.083290380349833049e+00,2.000000000000000000e+00
2.845691382765530575e-01,3.265589399952373295e-02,5.413414574919178657e-02,6.123461722587678624e-01,9.183121809451563200e-01,1.075501156823064797e+00,2.000000000000000000e+00
2.865731462925851236e-01,3.512537709340833592e-02,5.587526168239986823e-02,6.158545888147822778e-01,9.274357961731435340e-01,1.067643594078420799e+00,2.000000000000000444e+00
2.885771543086171897e-01,3.761300796843460026e-02,5.764222218938020587e-02,6.193371686348928540e-01,9.364809330223300421e-01,1.059718576833314829e+00,2.000000000000000000e+00
2.905811623246492559e-01,4.011847281285593064e-02,5.943496026974814939e-02,6.227936923141812464e-01,9.454471645756836740e-01,1.051726988812115682e+00,2.000000000000000000e+00
2.925851703406813220e-01,4.264145986548917300e-02,6.125340327468008911e-02,6.262239433390767163e-01,9.543340773667413623e-01,1.043669712493646484e+00,2.000000000000000000e+00
2.945891783567133881e-01,4.518165949135929255e-02,6.309747296883692902e-02,6.296277080828734940e-01,9.631412712338496274e-01,1.035547628864092573e+00,2.000000000000000444e+00
2.965931863727454543e-01,4.773876425492631220e-02,6.496708559352341872e-02,6.330047758004486713e-01,9.718683591694456947e-01,1.027361617175417852e+00,2.000000000000000444e+00
2.985971943887775204e-01,5.031246899088101521e-02,6.686215193101358034e-02,6.363549386221976079e-01,9.805149671645710940e-01,1.019112554709370677e+00,2.000000000000000000e+00
3.006012024048095865e-01,5.290247087249815017e-02,6.878257736997271665e-02,6.396779915472060596e-01,9.890807340487992594e-01,1.010801316547168094e+00,1.999999999999999778e+00
3.026052104208416527e-01,5.550846947753808325e-02,7.072826197190736075e-02,6.429737324356782358e-01,9.975653113257657578e-01,1.002428775344926137e+00,2.000000000000000444e+00
3.046092184368737188e-01,5.813016685168993086e-02,7.269910053857486787e-02,6.462419620006385479e-01,1.005968363004486665e+00,9.939958011149110373e-01,2.000000000000000444e+00
3.066132264529057849e-01,6.076726756955126013e-02,7.469498268028545995e-02,6.494824837989268129e-01,1.014289565426653050e+00,9.855032610126726045e-01,2.000000000000000444e+00
3.086172344689378511e-01,6.341947879314149827e-02,7.671579288502981819e-02,6.526951042215065613e-01,1.022528607090084751e+00,9.769520191301162004e-01,1.999999999999999778e+00
3.106212424849699172e-01,6.608651032794822522e-02,7.876141058836660935e-02,6.558796324831055458e-01,1.030685188468534186e+00,9.683429362945663588e-01,2.000000000000000444e+00
3.126252505010019833e-01,6.876807467650725147e-02,8.083171024400499782e-02,6.590358806112077694e-01,1.038759021828018048e+00,9.596768698738650238e-01,2.000000000000000000e+00
3.146292585170340494e-01,7.146388708951952051e-02,8.292656139501808354e-02,6.621636634344182371e-01,1.046749831039872403e+00,9.509546735875473722e-01,2.000000000000000000e+00
3.166332665330661156e-01,7.417366561450948470e-02,8.504582874562442718e-02,6.652627985702186386e-01,1.054657351390702935e+00,9.421771973241271914e-01,2.000000000000000000e+00
3.186372745490981817e-01,7.689713114203151900e-02,8.718937223347569820e-02,6.683331064121353915e-01,1.062481329389422413e+00,9.333452869645222361e-01,2.000000000000000444e+00
3.206412825651302478e-01,7.963400744943244236e-02,8.935704710238960569e-02,6.713744101163393596e-01,1.070221522571550565e+00,9.244597842116401010e-01,2.000000000000000000e+00
3.226452905811623140e-01,8.238402124218018041e-02,9.154870397546852057e-02,6.743865355876978995e-01,1.077877699300962444e+00,9.155215264261481467e-01,2.000000000000000000e+00
3.246492985971943801e-01,8.514690219276986605e-02,9.376418892854519738e-02,6.773693114652992175e-01,1.085449638569255804e+00,9.065313464684343625e-01,2.000000000000000888e+00
3.266533066132264462e-01,8.792238297722046458e-02,9.600334356389839119e-02,6.803225691074697989e-01,1.092937129792921347e+00,8.974900725467727103e-01,2.000000000000000444e+00
3.286573146292585124e-01,9.071019930917637031e-02,9.826600508418234514e-02,6.832461425763041163e-01,1.100339972608490813e+00,8.883985280716903965e-01,2.000000000000000444e+00
3.306613226452905785e-01,9.351008997162985059e-02,1.005520063665154007e-01,6.861398686217287102e-01,1.107657976665827659e+00,8.792575315165431782e-01,2.000000000000000000e+00
3.326653306613226446e-01,9.632179684628167093e-02,1.028611760366743427e-01,6.890035866651188501e-01,1.114890961419743975e+00,8.700678962842838260e-01,2.000000000000000444e+00
3.346693386773546552e-01,9.914506494055834451e-02,1.051933385433423962e-01,6.918371387824898688e-01,1.122038755920100606e+00,8.608304305804211909e-01,2.000000000000000444e+00
3.366733466933867214e-01,1.019796424123063650e-01,1.075483142323604979e-01,6.946403696872828215e-01,1.129101198600567679e+00,8.515459372921473369e-01,2.000000000000000000e+00
3.386773547094187875e-01,1.048252805921831565e-01,1.099259194209316337e-01,6.974131267127634537e-01,1.136078137066201865e+00,8.422152138736207494e-01,2.000000000000000444e+00
3.406813627254508536e-01,1.076817340037686532e-01,1.123259664717317641e-01,7.001552597940564615e-01,1.142969427880005329e+00,8.328390522373777527e-01,2.000000000000000000e+00
3.426853707414829198e-01,1.105487603814193920e-01,1.147482638668797239e-01,7.028666214498340281e-01,1.149774936348628929e+00,8.234182386518450469e-01,2.000000000000000444e+00
3.446893787575149859e-01,1.134261206858899751e-01,1.171926162817217565e-01,7.055470667636788429e-01,1.156494536307370202e+00,8.139535536449246100e-01,2.000000000000000444e+00
3.466933867735470520e-01,1.163135791177470485e-01,1.196588246583869669e-01,7.081964533651409210e-01,1.163128109904626672e+00,8.044457719136143270e-01,2.000000000000000000e+00
3.486973947895791182e-01,1.192109031286018583e-01,1.221466862790717006e-01,7.108146414105087629e-01,1.169675547385951253e+00,7.948956622396272653e-01,2.000000000000000444e+00
3.507014028056111843e-01,1.221178634301884752e-01,1.246559948390123240e-01,7.134014935633138377e-01,1.176136746877859851e+00,7.853039874109676299e-01,2.000000000000000000e+00
3.527054108216432504e-01,1.250342340013154696e-01,1.271865405191074105e-01,7.159568749745878202e-01,1.182511614171539716e+00,7.756715041494175455e-01,2.000000000000000000e+00
3.547094188376753165e-01,1.279597920927195709e-01,1.297381100581516955e-01,7.184806532628925657e-01,1.188800062506595534e+00,7.659989630438900354e-01,2.000000000000000000e+00
3.567134268537073827e-01,1.308943182298505370e-01,1.323104868246459676e-01,7.209726984941405847e-01,1.195002012354981158e+00,7.562871084895907980e-01,2.000000000000000888e+00
3.587174348697394488e-01,1.338375962136172104e-01,1.349034508881481464e-01,7.234328831612262256e-01,1.201117391205244633e+00,7.465366786329441506e-01,2.000000000000000444e+00
3.607214428857715149e-01,1.367894131191252916e-01,1.375167790901326847e-01,7.258610821634861043e-01,1.207146133347230199e+00,7.367484053222183027e-01,2.000000000000000444e+00
3.627254509018035811e-01,1.397495592924375418e-01,1.401502451143268047e-01,7.282571727860065458e-01,1.213088179657361598e+00,7.269230140637927828e-01,2.000000000000000000e+00
3.647294589178356472e-01,1.427178283453884311e-01,1.428036195564935662e-01,7.306210346787973542e-01,1.218943477384635488e+00,7.170612239840143953e-01,2.000000000000000000e+00
3.667334669338677133e-01,1.456940171484848723e-01,1.454766699936332064e-01,7.329525498358497870e-01,1.224711979937454176e+00,7.071637477965633245e-01,2.000000000000000444e+00
3.687374749498997795e-01,1.486779258219255162e-01,1.481691610525757985e-01,7.352516025740961636e-01,1.230393646671412711e+00,6.972312917752782058e-01,2.000000000000000444e+00
3.707414829659318456e-01,1.516693577247713864e-01,1.508808544779397520e-01,7.375180795122897592e-01,1.235988442678165988e+00,6.872645557323627807e-01,2.000000000000000000e+00
3.727454909819639117e-01,1.546681194423008554e-01,1.536115091994320891e-01,7.397518695498221941e-01,1.241496338575487579e+00,6.772642330019047474e-01,2.000000000000000000e+00
3.747494989979959779e-01,1.576740207715823516e-01,1.563608813984679047e-01,7.419528638454945257e-01,1.246917310298629955e+00,6.672310104286445220e-01,1.999999999999999556e+00
3.767535070140280440e-01,1.606868747052982993e-01,1.591287245740878598e-01,7.441209557962612520e-01,1.252251338893106691e+00,6.571655683619024302e-01,2.000000000000000444e+00
3.787575150300601101e-01,1.637064974138540963e-01,1.619147896081541971e-01,7.462560410159619906e-01,1.257498410308986569e+00,6.470685806546104812e-01,2.000000000000000444e+00
3.807615230460921762e-01,1.667327082258059923e-01,1.647188248298067925e-01,7.483580173140580438e-01,1.262658515196820375e+00,6.369407146673553566e-01,2.000000000000000444e+00
3.827655310621242424e-01,1.697653296066418682e-01,1.675405760791625898e-01,7.504267846743911674e-01,1.267731648705287428e+00,6.267826312773622233e-01,2.000000000000000000e+00
3.847695390781562530e-01,1.728041871359490556e-01,1.703797867702427915e-01,7.524622452339788659e-01,1.272717810280666217e+00,6.165949848923408805e-01,2.000000000000000000e+00
3.867735470941883191e-01,1.758491094830036128e-01,1.732361979531142349e-01,7.544643032618633116e-01,1.277617003468221490e+00,6.063784234691098618e-01,2.000000000000000888e+00
3.887775551102203853e-01,1.788999283808141716e-01,1.761095483752310731e-01,7.564328651380284319e-01,1.282429235715597304e+00,5.961335885369232201e-01,2.000000000000000888e+00
3.907815631262524514e-01,1.819564785986561573e-01,1.789995745419669659e-01,7.583678393324018163e-01,1.287154518178310614e+00,5.858611152254098453e-01,1.999999999999999778e+00
3.927855711422845175e-01,1.850185979131289127e-01,1.819060107763265099e-01,7.602691363839544358e-01,1.291792865527425560e+00,5.755616322970482646e-01,2.000000000000000000e+00
3.947895791583165837e-01,1.880861270777706984e-01,1.848285892778276096e-01,7.621366688799149358e-01,1.296344295759489729e+00,5.652357621840932156e-01,2.000000000000000000e+00
3.967935871743486498e-01,1.911589097912650137e-01,1.877670401805474343e-01,7.639703514351112723e-01,1.300808830008820083e+00,5.548841210298641746e-01,2.000000000000000444e+00
3.987975951903807159e-01,1.942367926642721843e-01,1.907210916103253551e-01,7.657701006714550118e-01,1.305186492362208739e+00,5.445073187343159038e-01,1.999999999999999778e+00
4.008016032064127820e-01,1.973196251849197169e-01,1.936904697411183374e-01,7.675358351975813953e-01,1.309477309676126744e+00,5.341059590038045313e-01,2.000000000000000444e+00
4.028056112224448482e-01,2.004072596829850339e-01,1.966748988505045981e-01,7.692674755886592664e-01,1.313681311396494911e+00,5.236806394049581259e-01,2.000000000000000444e+00
4.048096192384769143e-01,2.034995512928036154e-01,1.996741013743332516e-01,7.709649443663836310e-01,1.317798529381093209e+00,5.132319514225788248e-01,2.000000000000000000e+00
4.068136272545089804e-01,2.065963579149356633e-01,2.026877979605182789e-01,7.726281659791647272e-01,1.321828997724677546e+00,5.027604805214652695e-01,2.000000000000000000e+00
4.088176352705410466e-01,2.096975401766240921e-01,2.057157075219767928e-01,7.742570667825255937e-01,1.325772752586859893e+00,4.922668062120997279e-01,2.000000000000000444e+00
4.108216432865731127e-01,2.128029613910761564e-01,2.087575472887121253e-01,7.758515750197206851e-01,1.329629832022823033e+00,4.817515021200868275e-01,2.000000000000000888e+00
4.128256513026051788e-01,2.159124875156012979e-01,2.118130328590439315e-01,7.774116208025878549e-01,1.333400275816922109e+00,4.712151360592699567e-01,2.000000000000000000e+00
4.148296593186372450e-01,2.190259871086367716e-01,2.148818782499881674e-01,7.789371360926461429e-01,1.337084125319234928e+00,4.606582701084355191e-01,2.000000000000000000e+00
4.168336673346693111e-01,2.221433312856929965e-01,2.179637959467909392e-01,7.804280546824495790e-01,1.340681423285111418e+00,4.500814606915157778e-01,2.000000000000000444e+00
4.188376753507013772e-01,2.252643936742497188e-01,2.210584969516214415e-01,7.818843121772098836e-01,1.344192213717774642e+00,4.394852586612078005e-01,2.000000000000000444e+00
4.208416833667334433e-01,2.283890503676341832e-01,2.241656908314296759e-01,7.833058459766980564e-01,1.347616541714028893e+00,4.288702093859182995e-01,2.000000000000000444e+00
4.228456913827655095e-01,2.315171798779118439e-01,2.272850857649763301e-01,7.846925952574359542e-01,1.350954453313115478e+00,4.182368528399449947e-01,2.000000000000000444e+00
4.248496993987975756e-01,2.346486630878198976e-01,2.304163885890425922e-01,7.860445009551884077e-01,1.354205995348766178e+00,4.075857236968166153e-01,2.000000000000000444e+00
4.268537074148296417e-01,2.377833832017738069e-01,2.335593048438285857e-01,7.873615057477657553e-01,1.357371215304498557e+00,3.969173514256956192e-01,2.000000000000000444e+00
4.288577154308617079e-01,2.409212256959760712e-01,2.367135388175504729e-01,7.886435540381471210e-01,1.360450161172190420e+00,3.862322603907673568e-01,2.000000000000000444e+00
4.308617234468937740e-01,2.440620782676568568e-01,2.398787935902465529e-01,7.898905919379337615e-01,1.363442881313980504e+00,3.755309699535192003e-01,2.000000000000000000e+00
4.328657314629258401e-01,2.472058307834749946e-01,2.430547710768040381e-01,7.911025672511416973e-01,1.366349424327527595e+00,3.648139945778322013e-01,2.000000000000000444e+00
4.348697394789579063e-01,2.503523752271081260e-01,2.462411720692184447e-01,7.922794294583431762e-01,1.369169838914662929e+00,3.540818439378050075e-01,2.000000000000000000e+00
4.368737474949899169e-01,2.535016056460597800e-01,2.494376962780988360e-01,7.934211297011652952e-01,1.371904173753480949e+00,3.433350230282064541e-01,2.000000000000000444e+00
4.388777555110219830e-01,2.566534180977118051e-01,2.526440423734330754e-01,7.945276207671546631e-01,1.374552477373885306e+00,3.325740322774983770e-01,2.000000000000000000e+00
4.408817635270540491e-01,2.598077105946482446e-01,2.558599080246263258e-01,7.955988570750158750e-01,1.377114798036635834e+00,3.217993676633245648e-01,2.000000000000000000e+00
4.428857715430861153e-01,2.629643830492789935e-01,2.590849899398298128e-01,7.966347946602320151e-01,1.379591183615916927e+00,3.110115208303919632e-01,2.000000000000000000e+00
4.448897795591181814e-01,2.661233372177891354e-01,2.623189839045744765e-01,7.976353911610752911e-01,1.381981681485458191e+00,3.002109792106636976e-01,2.000000000000000000e+00
4.468937875751502475e-01,2.692844766434404624e-01,2.655615848197265816e-01,7.986006058050142409e-01,1.384286338408235562e+00,2.893982261457731520e-01,2.000000000000000000e+00
4.488977955911823137e-01,2.724477065992504943e-01,2.688124867387824413e-01,7.995303993955259481e-01,1.386505200429774654e+00,2.785737410115871615e-01,2.000000000000000444e+00
4.509018036072143798e-01,2.756129340300755293e-01,2.720713829045199317e-01,8.004247342993187075e-01,1.388638312775082317e+00,2.677379993448307793e-01,1.999999999999999778e+00
4.529058116232464459e-01,2.787800674941216528e-01,2.753379657850256734e-01,8.012835744339732447e-01,1.390685719749229943e+00,2.568914729716937906e-01,2.000000000000000444e+00
4.549098196392785121e-01,2.819490171039097381e-01,2.786119271091162530e-01,8.021068852560074847e-01,1.392647464641604049e+00,2.460346301383457002e-01,2.000000000000000444e+00
4.569138276553105782e-01,2.851196944667179212e-01,2.818929579011735242e-01,8.028946337493720886e-01,1.394523589633852367e+00,2.351679356432660739e-01,2.000000000000000444e+00
4.589178356713426443e-01,2.882920126245261394e-01,2.851807485154136956e-01,8.036467884143817519e-01,1.396314135711536952e+00,2.242918509713269781e-01,2.000000000000000444e+00
4.609218436873747105e-01,2.914658859934863844e-01,2.884749886696110210e-01,8.043633192570885937e-01,1.398019142579515428e+00,2.134068344295396435e-01,2.000000000000000444e+00
4.629258517034067766e-01,2.946412303029423696e-01,2.917753674782969098e-01,8.050441977791022996e-01,1.399638648581067013e+00,2.025133412843827252e-01,2.000000000000000444e+00
4.649298597194388427e-01,2.978179625340214298e-01,2.950815734854557726e-01,8.056893969678623479e-01,1.401172690620776429e+00,1.916118239006512902e-01,2.000000000000000444e+00
4.669338677354709088e-01,3.009960008578216328e-01,2.983932946967400857e-01,8.062988912873676473e-01,1.402621304091193011e+00,1.807027318817322481e-01,2.000000000000000000e+00
4.689378757515029750e-01,3.041752645732170302e-01,3.017102186112262108e-01,8.068726566693669167e-01,1.403984522803275903e+00,1.697865122112406089e-01,2.000000000000000000e+00
4.709418837675350411e-01,3.073556740443027513e-01,3.050320322527341199e-01,8.074106705050155819e-01,1.405262378920640431e+00,1.588636093959309714e-01,2.000000000000000444e+00
4.729458917835671072e-01,3.105371506375023127e-01,3.083584222007341169e-01,8.079129116370019625e-01,1.406454902897614101e+00,1.479344656098213195e-01,2.000000000000000444e+00
4.749498997995991734e-01,3.137196166583591794e-01,3.116890746208633156e-01,8.083793603521478577e-01,1.407562123421116862e+00,1.369995208394414465e-01,2.000000000000000000e+00
4.769539078156312395e-01,3.169029952880333956e-01,3.150236752950764108e-01,8.088099983744858612e-01,1.408584067356372760e+00,1.260592130301385616e-01,2.000000000000000000e+00
4.789579158316633056e-01,3.200872105195254336e-01,3.183619096514541114e-01,8.092048088588172927e-01,1.409520759696461178e+00,1.151139782333626543e-01,2.000000000000000000e+00
4.809619238476953718e-01,3.232721870936477448e-01,3.217034627936936619e-01,8.095637763847541857e-01,1.410372223515721224e+00,1.041642507548576208e-01,2.000000000000000444e+00
4.829659318637274379e-01,3.264578504347653287e-01,3.250480195303060427e-01,8.098868869512477753e-01,1.411138479927010136e+00,9.321046330368544519e-02,2.000000000000000444e+00
4.849699398797595040e-01,3.296441265863255810e-01,3.283952644035444401e-01,8.101741279716059285e-01,1.411819548042827721e+00,8.225304714201206457e-02,2.000000000000000444e+00
4.869739478957915702e-01,3.328309421461985718e-01,3.317448817180891352e-01,8.104254882690020700e-01,1.412415444940311016e+00,7.129243223557306386e-02,2.000000000000000444e+00
4.889779559118235808e-01,3.360182242018476817e-01,3.350965555695136211e-01,8.106409580724780461e-01,1.412926185630103859e+00,6.032904740475806410e-02,2.000000000000000444e+00
4.909819639278556469e-01,3.392059002653513566e-01,3.384499698725580430e-01,8.108205290134423704e-01,1.413351783029108910e+00,4.936332047623162578e-02,2.000000000000000444e+00
4.929859719438877130e-01,3.423938982082950777e-01,3.418048083892339939e-01,8.109641941226656270e-01,1.413692247937122337e+00,3.839567843502465078e-02,2.000000000000000000e+00
4.949899799599197792e-01,3.455821461965549735e-01,3.451607547567877576e-01,8.110719478277745864e-01,1.413947589017360285e+00,2.742654757701906004e-02,2.000000000000000444e+00
4.969939879759518453e-01,3.487705726249922256e-01,3.485174925155469228e-01,8.111437859512458104e-01,1.414117812780872674e+00,1.645635366175965744e-02,2.000000000000000000e+00
4.989979959919839114e-01,3.519591060520780301e-01,3.518747051366762912e-01,8.111797057089006335e-01,1.414202923574855664e+00,5.485522065508697913e-03,2.000000000000000000e+00
5.010020040080159776e-01,3.551476751344693761e-01,3.552320760498689500e-01,8.111797057089006335e-01,1.414202923574855664e+00,-5.485522065508838425e-03,2.000000000000000000e+00
5.030060120240480437e-01,3.583362085615551806e-01,3.585892886709983185e-01,8.111437859512458104e-01,1.414117812780872674e+00,-1.645635366175948397e-02,2.000000000000000000e+00
5.050100200400801098e-01,3.615246349899924327e-01,3.619460264297574836e-01,8.110719478277745864e-01,1.413947589017360285e+00,-2.742654757701919882e-02,2.000000000000000444e+00
5.070140280561121759e-01,3.647128829782523285e-01,3.653019727973112474e-01,8.109641941226656270e-01,1.413692247937122337e+00,-3.839567843502478955e-02,2.000000000000000000e+00
5.090180360721442421e-01,3.679008809211960496e-01,3.686568113139871983e-01,8.108205290134423704e-01,1.413351783029108910e+00,-4.936332047623176456e-02,2.000000000000000444e+00
5.110220440881763082e-01,3.710885569846997245e-01,3.720102256170316202e-01,8.106409580724780461e-01,1.412926185630103859e+00,-6.032904740475820288e-02,2.000000000000000444e+00
5.130260521042083743e-01,3.742758390403489455e-01,3.753618994684562171e-01,8.104254882690020700e-01,1.412415444940311016e+00,-7.129243223557352183e-02,2.000000000000000444e+00
5.150300601202404405e-01,3.774626546002219363e-01,3.787115167830009121e-01,8.101741279716059285e-01,1.411819548042827721e+00,-8.225304714201220335e-02,2.000000000000000444e+00
5.170340681362725066e-01,3.806489307517821885e-01,3.820587616562393096e-01,8.098868869512477753e-01,1.411138479927010136e+00,-9.321046330368559785e-02,2.000000000000000444e+00
5.190380761523045727e-01,3.838345940928997724e-01,3.854033183928516904e-01,8.095637763847541857e-01,1.410372223515721224e+00,-1.041642507548577595e-01,2.000000000000000444e+00
5.210420841683366389e-01,3.870195706670220837e-01,3.887448715350912409e-01,8.092048088588172927e-01,1.409520759696461178e+00,-1.151139782333628070e-01,2.000000000000000000e+00
5.230460921843687050e-01,3.902037858985141217e-01,3.920831058914689415e-01,8.088099983744858612e-01,1.408584067356372760e+00,-1.260592130301387004e-01,2.000000000000000444e+00
5.250501002004007711e-01,3.933871645281883378e-01,3.954177065656820367e-01,8.083793603521478577e-01,1.407562123421116862e+00,-1.369995208394413078e-01,2.000000000000000000e+00
5.270541082164328373e-01,3.965696305490452045e-01,3.987483589858112354e-01,8.079129116370019625e-01,1.406454902897614101e+00,-1.479344656098214583e-01,2.000000000000000444e+00
5.290581162324649034e-01,3.997511071422447659e-01,4.020747489338112324e-01,8.074106705050155819e-01,1.405262378920640431e+00,-1.588636093959311102e-01,2.000000000000000444e+00
5.310621242484969695e-01,4.029315166133304871e-01,4.053965625753191415e-01,8.068726566693669167e-01,1.403984522803275903e+00,-1.697865122112407477e-01,2.000000000000000000e+00
5.330661322645290356e-01,4.061107803287258844e-01,4.087134864898052666e-01,8.062988912873676473e-01,1.402621304091193011e+00,-1.807027318817329975e-01,2.000000000000000444e+00
5.350701402805611018e-01,4.092888186525260874e-01,4.120252077010895797e-01,8.056893969678623479e-01,1.401172690620776429e+00,-1.916118239006517621e-01,2.000000000000000444e+00
5.370741482965931679e-01,4.124655508836051476e-01,4.153314137082484425e-01,8.050441977791022996e-01,1.399638648581066791e+00,-2.025133412843831415e-01,2.000000000000000000e+00
5.390781563126252340e-01,4.156408951930611329e-01,4.186317925169343312e-01,8.043633192570885937e-01,1.398019142579515428e+00,-2.134068344295400876e-01,2.000000000000000444e+00
5.410821643286573002e-01,4.188147685620213778e-01,4.219260326711316567e-01,8.036467884143817519e-01,1.396314135711536730e+00,-2.242918509713277553e-01,2.000000000000000000e+00
5.430861723446893663e-01,4.219870867198295961e-01,4.252138232853718280e-01,8.028946337493720886e-01,1.394523589633852145e+00,-2.351679356432668233e-01,2.000000000000000444e+00
5.450901803607214324e-01,4.251577640826377791e-01,4.284948540774290993e-01,8.021068852560074847e-01,1.392647464641604049e+00,-2.460346301383461443e-01,2.000000000000000444e+00
5.470941883767534986e-01,4.283267136924258645e-01,4.317688154015196789e-01,8.012835744339732447e-01,1.390685719749229943e+00,-2.568914729716939016e-01,2.000000000000000444e+00
5.490981963927855647e-01,4.314938471564719880e-01,4.350353982820254206e-01,8.004247342993187075e-01,1.388638312775082317e+00,-2.677379993448305573e-01,1.999999999999999778e+00
5.511022044088176308e-01,4.346590745872970230e-01,4.382942944477629110e-01,7.995303993955259481e-01,1.386505200429774654e+00,-2.785737410115873280e-01,2.000000000000000444e+00
5.531062124248496970e-01,4.378223045431070548e-01,4.415451963668187707e-01,7.986006058050142409e-01,1.384286338408235562e+00,-2.893982261457729299e-01,2.000000000000000000e+00
5.551102204408817631e-01,4.409834439687583818e-01,4.447877972819708758e-01,7.976353911610752911e-01,1.381981681485458191e+00,-3.002109792106635311e-01,1.999999999999999778e+00
5.571142284569138292e-01,4.441423981372685237e-01,4.480217912467155394e-01,7.966347946602320151e-01,1.379591183615916927e+00,-3.110115208303924073e-01,2.000000000000000000e+00
5.591182364729458953e-01,4.472990705918992727e-01,4.512468731619190265e-01,7.955988570750158750e-01,1.377114798036635834e+00,-3.217993676633250089e-01,2.000000000000000000e+00
5.611222444889779615e-01,4.504533630888357121e-01,4.544627388131122769e-01,7.945276207671546631e-01,1.374552477373885306e+00,-3.325740322774987656e-01,2.000000000000000000e+00
5.631262525050100276e-01,4.536051755404877373e-01,4.576690849084464885e-01,7.934211297011652952e-01,1.371904173753480949e+00,-3.433350230282068982e-01,2.000000000000000444e+00
5.651302605210419827e-01,4.567544059594393357e-01,4.608656091173268243e-01,7.922794294583431762e-01,1.369169838914662929e+00,-3.540818439378051741e-01,2.000000000000000444e+00
5.671342685370740488e-01,4.599009504030724949e-01,4.640520101097412309e-01,7.911025672511416973e-01,1.366349424327527373e+00,-3.648139945778323123e-01,2.000000000000000000e+00
5.691382765531061150e-01,4.630447029188906605e-01,4.672279875962987439e-01,7.898905919379337615e-01,1.363442881313980504e+00,-3.755309699535193668e-01,2.000000000000000000e+00
5.711422845691381811e-01,4.661855554905714460e-01,4.703932423689948239e-01,7.886435540381471210e-01,1.360450161172190420e+00,-3.862322603907677454e-01,2.000000000000000444e+00
5.731462925851702472e-01,4.693233979847736825e-01,4.735474763427167111e-01,7.873615057477657553e-01,1.357371215304498335e+00,-3.969173514256961188e-01,2.000000000000000000e+00
5.751503006012023134e-01,4.724581180987275641e-01,4.766903925975026768e-01,7.860445009551884077e-01,1.354205995348766400e+00,-4.075857236968164488e-01,2.000000000000000888e+00
5.771543086172343795e-01,4.755896013086356455e-01,4.798216954215689389e-01,7.846925952574359542e-01,1.350954453313115478e+00,-4.182368528399448282e-01,2.000000000000000444e+00
5.791583166332664456e-01,4.787177308189132785e-01,4.829410903551156209e-01,7.833058459766980564e-01,1.347616541714028893e+00,-4.288702093859181330e-01,2.000000000000000444e+00
5.811623246492985118e-01,4.818423875122977429e-01,4.860482842349238553e-01,7.818843121772098836e-01,1.344192213717774642e+00,-4.394852586612076339e-01,2.000000000000000000e+00
5.831663326653305779e-01,4.849634499008544375e-01,4.891429852397543576e-01,7.804280546824495790e-01,1.340681423285111418e+00,-4.500814606915156113e-01,2.000000000000000444e+00
5.851703406813626440e-01,4.880807940779106624e-01,4.922249029365571293e-01,7.789371360926461429e-01,1.337084125319235151e+00,-4.606582701084353526e-01,2.000000000000000444e+00
5.871743486973947102e-01,4.911942936709461360e-01,4.952937483275013375e-01,7.774116208025878549e-01,1.333400275816922109e+00,-4.712151360592701232e-01,2.000000000000000444e+00
5.891783567134267763e-01,4.943038197954712776e-01,4.983492338978331437e-01,7.758515750197206851e-01,1.329629832022822811e+00,-4.817515021200869940e-01,2.000000000000000000e+00
5.911823647294588424e-01,4.974092410099233419e-01,5.013910736645684763e-01,7.742570667825255937e-01,1.325772752586859893e+00,-4.922668062120998944e-01,2.000000000000000444e+00
5.931863727454909085e-01,5.005104232716117707e-01,5.044189832260269624e-01,7.726281659791647272e-01,1.321828997724677546e+00,-5.027604805214651584e-01,2.000000000000000000e+00
5.951903807615229747e-01,5.036072298937438463e-01,5.074326798122119619e-01,7.709649443663836310e-01,1.317798529381093209e+00,-5.132319514225789359e-01,2.000000000000000444e+00
5.971943887775550408e-01,5.066995215035624556e-01,5.104318823360406432e-01,7.692674755886592664e-01,1.313681311396494911e+00,-5.236806394049583480e-01,2.000000000000000888e+00
5.991983967935871069e-01,5.097871560016278281e-01,5.134163114454268761e-01,7.675358351975813953e-01,1.309477309676126744e+00,-5.341059590038045313e-01,2.000000000000000444e+00
6.012024048096191731e-01,5.128699885222753885e-01,5.163856895762198862e-01,7.657701006714550118e-01,1.305186492362208739e+00,-5.445073187343160148e-01,2.000000000000000000e+00
6.032064128256512392e-01,5.159478713952825313e-01,5.193397410059977792e-01,7.639703514351112723e-01,1.300808830008820083e+00,-5.548841210298642856e-01,2.000000000000000444e+00
6.052104208416833053e-01,5.190206541087768466e-01,5.222781919087176039e-01,7.621366688799149358e-01,1.296344295759489507e+00,-5.652357621840936597e-01,2.000000000000000000e+00
6.072144288577153715e-01,5.220881832734186601e-01,5.252007704102187313e-01,7.602691363839544358e-01,1.291792865527425338e+00,-5.755616322970490417e-01,2.000000000000000444e+00
6.092184368737474376e-01,5.251503025878914155e-01,5.281072066445782198e-01,7.583678393324018163e-01,1.287154518178311058e+00,-5.858611152254094012e-01,2.000000000000000444e+00
6.112224448897795037e-01,5.282068528057334289e-01,5.309972328113141682e-01,7.564328651380284319e-01,1.282429235715597082e+00,-5.961335885369233312e-01,2.000000000000000000e+00
6.132264529058115698e-01,5.312576717035439877e-01,5.338705832334310619e-01,7.544643032618633116e-01,1.277617003468221712e+00,-6.063784234691091957e-01,2.000000000000000444e+00
6.152304609218436360e-01,5.343025940505985449e-01,5.367269944163025608e-01,7.524622452339788659e-01,1.272717810280666217e+00,-6.165949848923411025e-01,2.000000000000000000e+00
6.172344689378757021e-01,5.373414515799057600e-01,5.395662051073828458e-01,7.504267846743910564e-01,1.267731648705287206e+00,-6.267826312773630004e-01,2.000000000000000444e+00
6.192384769539077682e-01,5.403740729607416915e-01,5.423879563567386430e-01,7.483580173140579328e-01,1.262658515196819931e+00,-6.369407146673560227e-01,2.000000000000000000e+00
6.212424849699398344e-01,5.434002837726935597e-01,5.451919915783912662e-01,7.462560410159618796e-01,1.257498410308986347e+00,-6.470685806546107033e-01,2.000000000000000000e+00
6.232464929859719005e-01,5.464199064812493845e-01,5.479780566124575758e-01,7.441209557962611409e-01,1.252251338893106691e+00,-6.571655683619018751e-01,1.999999999999999778e+00
6.252505010020039666e-01,5.494327604149653599e-01,5.507458997880775309e-01,7.419528638454944147e-01,1.246917310298630177e+00,-6.672310104286444110e-01,2.000000000000000000e+00
6.272545090180360328e-01,5.524386617442468284e-01,5.534952719871133464e-01,7.397518695498220831e-01,1.241496338575487357e+00,-6.772642330019054135e-01,2.000000000000000444e+00
6.292585170340680989e-01,5.554374234617762696e-01,5.562259267086057113e-01,7.375180795122896482e-01,1.235988442678165988e+00,-6.872645557323630028e-01,2.000000000000000444e+00
6.312625250501001650e-01,5.584288553646221676e-01,5.589376201339696371e-01,7.352516025740960526e-01,1.230393646671412489e+00,-6.972312917752788719e-01,2.000000000000000888e+00
6.332665330661322312e-01,5.614127640380628392e-01,5.616301111929121737e-01,7.329525498358496760e-01,1.224711979937453954e+00,-7.071637477965634355e-01,2.000000000000000000e+00
6.352705410821642973e-01,5.643889528411593082e-01,5.643031616300517861e-01,7.306210346787972432e-01,1.218943477384635266e+00,-7.170612239840147284e-01,2.000000000000000000e+00
6.372745490981963634e-01,5.673572218941101974e-01,5.669565360722185199e-01,7.282571727860064348e-01,1.213088179657361154e+00,-7.269230140637933379e-01,2.000000000000000000e+00
6.392785571142284295e-01,5.703173680674223922e-01,5.695900020964126398e-01,7.258610821634859933e-01,1.207146133347229311e+00,-7.367484053222194129e-01,2.000000000000000000e+00
6.412825651302604957e-01,5.732691849729304456e-01,5.722033302983972058e-01,7.234328831612261146e-01,1.201117391205244189e+00,-7.465366786329448168e-01,2.000000000000000444e+00
6.432865731462925618e-01,5.762124629566971468e-01,5.747962943618993847e-01,7.209726984941404737e-01,1.195002012354981380e+00,-7.562871084895899099e-01,1.999999999999999778e+00
6.452905811623246279e-01,5.791469890938281129e-01,5.773686711283936290e-01,7.184806532628924547e-01,1.188800062506595534e+00,-7.659989630438900354e-01,2.000000000000000000e+00
6.472945891783566941e-01,5.820725471852321586e-01,5.799202406674379695e-01,7.159568749745877092e-01,1.182511614171539716e+00,-7.756715041494178786e-01,2.000000000000000888e+00
6.492985971943887602e-01,5.849889177563591947e-01,5.824507863475330005e-01,7.134014935633137267e-01,1.176136746877859851e+00,-7.853039874109677410e-01,2.000000000000000444e+00
6.513026052104208263e-01,5.878958780579458532e-01,5.849600949074735823e-01,7.108146414105086519e-01,1.169675547385951031e+00,-7.948956622396277094e-01,2.000000000000000444e+00
6.533066132264528925e-01,5.907932020688007047e-01,5.874479565281582882e-01,7.081964533651408100e-01,1.163128109904626672e+00,-8.044457719136146601e-01,2.000000000000000888e+00
6.553106212424849586e-01,5.936806605006578197e-01,5.899141649048235125e-01,7.055470667636787319e-01,1.156494536307369980e+00,-8.139535536449249431e-01,2.000000000000000444e+00
6.573146292585170247e-01,5.965580208051284306e-01,5.923585173196654896e-01,7.028666214498339171e-01,1.149774936348628707e+00,-8.234182386518450469e-01,2.000000000000000000e+00
6.593186372745490909e-01,5.994250471827791138e-01,5.947808147148134772e-01,7.001552597940563505e-01,1.142969427880004885e+00,-8.328390522373783078e-01,2.000000000000000444e+00
6.613226452905811570e-01,6.022815005943645827e-01,5.971808617656135798e-01,6.974131267127633427e-01,1.136078137066201865e+00,-8.422152138736205274e-01,2.000000000000000000e+00
6.633266533066132231e-01,6.051271387742414021e-01,5.995584669541846878e-01,6.946403696872827105e-01,1.129101198600567679e+00,-8.515459372921471148e-01,2.000000000000000000e+00
6.653306613226452892e-01,6.079617162459893809e-01,6.019134426432027896e-01,6.918371387824897578e-01,1.122038755920100161e+00,-8.608304305804217460e-01,2.000000000000000444e+00
6.673346693386772444e-01,6.107849843402659573e-01,6.042456051498708014e-01,6.890035866651187391e-01,1.114890961419743753e+00,-8.700678962842839370e-01,2.000000000000000000e+00
6.693386773547093105e-01,6.135966912149177777e-01,6.065547748200297296e-01,6.861398686217285992e-01,1.107657976665827659e+00,-8.792575315165432892e-01,2.000000000000000000e+00
6.713426853707413766e-01,6.163965818773712302e-01,6.088407761023627573e-01,6.832461425763040053e-01,1.100339972608490813e+00,-8.883985280716903965e-01,2.000000000000000444e+00
6.733466933867734427e-01,6.191843982093271359e-01,6.111034376226467391e-01,6.803225691074696879e-01,1.092937129792921569e+00,-8.974900725467724882e-01,2.000000000000000444e+00
6.753507014028055089e-01,6.219598789937776928e-01,6.133425922579999190e-01,6.773693114652991065e-01,1.085449638569256026e+00,-9.065313464684339184e-01,2.000000000000000000e+00
6.773547094188375750e-01,6.247227599443674340e-01,6.155580772110765819e-01,6.743865355876977885e-01,1.077877699300962444e+00,-9.155215264261481467e-01,2.000000000000000000e+00
6.793587174348696411e-01,6.274727737371151859e-01,6.177497340841554552e-01,6.713744101163392486e-01,1.070221522571550565e+00,-9.244597842116401010e-01,2.000000000000000000e+00
6.813627254509017073e-01,6.302096500445161231e-01,6.199174089530693488e-01,6.683331064121352805e-01,1.062481329389422191e+00,-9.333452869645223471e-01,2.000000000000000444e+00
6.833667334669337734e-01,6.329331155720381297e-01,6.220609524409206337e-01,6.652627985702185276e-01,1.054657351390702935e+00,-9.421771973241271914e-01,2.000000000000000000e+00
6.853707414829658395e-01,6.356428940970281216e-01,6.241802197915269357e-01,6.621636634344181260e-01,1.046749831039872847e+00,-9.509546735875468171e-01,2.000000000000000000e+00
6.873747494989979057e-01,6.383387065100404323e-01,6.262750709425399798e-01,6.590358806112076584e-01,1.038759021828018048e+00,-9.596768698738652459e-01,2.000000000000000444e+00
6.893787575150299718e-01,6.410202708585994724e-01,6.283453705981784099e-01,6.558796324831054347e-01,1.030685188468534186e+00,-9.683429362945663588e-01,2.000000000000000444e+00
6.913827655310620379e-01,6.436873023934062132e-01,6.303909883015151872e-01,6.526951042215064502e-01,1.022528607090085417e+00,-9.769520191301157563e-01,2.000000000000000444e+00
6.933867735470941041e-01,6.463395136169964861e-01,6.324117985062595038e-01,6.494824837989267019e-01,1.014289565426653050e+00,-9.855032610126726045e-01,2.000000000000000444e+00
6.953907815631261702e-01,6.489766143348577598e-01,6.344076806479701514e-01,6.462419620006384369e-01,1.005968363004486887e+00,-9.939958011149107042e-01,2.000000000000000000e+00
6.973947895791582363e-01,6.515983117090096144e-01,6.363785192146376168e-01,6.429737324356781247e-01,9.975653113257654248e-01,-1.002428775344926359e+00,2.000000000000000000e+00
6.993987975951903024e-01,6.542043103140495752e-01,6.383242038165722887e-01,6.396779915472059486e-01,9.890807340487985932e-01,-1.010801316547168982e+00,2.000000000000000444e+00
7.014028056112223686e-01,6.567943121956667518e-01,6.402446292555313834e-01,6.363549386221974968e-01,9.805149671645707610e-01,-1.019112554709371121e+00,2.000000000000000000e+00
7.034068136272544347e-01,6.593680169316215034e-01,6.421396955930215311e-01,6.330047758004485603e-01,9.718683591694459167e-01,-1.027361617175417630e+00,2.000000000000000444e+00
7.054108216432865008e-01,6.619251216951885786e-01,6.440093082177080763e-01,6.296277080828733830e-01,9.631412712338501825e-01,-1.035547628864092129e+00,2.000000000000000444e+00
7.074148296593185670e-01,6.644653213210587328e-01,6.458533779118649232e-01,6.262239433390766052e-01,9.543340773667419175e-01,-1.043669712493646040e+00,2.000000000000000000e+00
7.094188376753506331e-01,6.669883083736919405e-01,6.476718209167968698e-01,6.227936923141811354e-01,9.454471645756837850e-01,-1.051726988812115682e+00,2.000000000000000000e+00
7.114228456913826992e-01,6.694937732181133194e-01,6.494645589971648203e-01,6.193371686348927430e-01,9.364809330223302641e-01,-1.059718576833314829e+00,2.000000000000000444e+00
7.134268537074147654e-01,6.719814040931395560e-01,6.512315195041451510e-01,6.158545888147821668e-01,9.274357961731426458e-01,-1.067643594078421465e+00,2.000000000000000000e+00
7.154308617234468315e-01,6.744508871870241729e-01,6.529726354373531771e-01,6.123461722587677514e-01,9.183121809451559869e-01,-1.075501156823065241e+00,2.000000000000000444e+00
7.174348697394788976e-01,6.769019067155038760e-01,6.546878455054605528e-01,6.088121412667802934e-01,9.091105278465949624e-01,-1.083290380349833049e+00,2.000000000000000444e+00
7.194388777555109638e-01,6.793341450022296613e-01,6.563770941854353280e-01,6.052527210365920007e-01,8.998312911121782998e-01,-1.091010379206078129e+00,2.000000000000000000e+00
7.214428857715430299e-01,6.817472825615613630e-01,6.580403317803347196e-01,6.016681396657933556e-01,8.904749388329105120e-01,-1.098660267466938345e+00,2.000000000000000000e+00
7.234468937875750960e-01,6.841409981837033305e-01,6.596775144755785414e-01,5.980586281529002290e-01,8.810419530801939514e-01,-1.106239159003439720e+00,2.000000000000000000e+00
7.254509018036071621e-01,6.865149690221563628e-01,6.612886043936321290e-01,5.944244203975751484e-01,8.715328300240661186e-01,-1.113746167755580885e+00,2.000000000000000000e+00
7.274549098196392283e-01,6.888688706834579234e-01,6.628735696470282601e-01,5.907657531999463973e-01,8.619480800454106806e-01,-1.121180408010249874e+00,2.000000000000000000e+00
7.294589178356712944e-01,6.912023773191812159e-01,6.644323843896553505e-01,5.870828662590097391e-01,8.522882278419399160e-01,-1.128540994683864263e+00,2.000000000000000000e+00
7.314629258517033605e-01,6.935151617201603669e-01,6.659650288662422035e-01,5.833760021700969967e-01,8.425538125277954871e-01,-1.135827043609578979e+00,2.000000000000000000e+00
7.334669338677354267e-01,6.958068954129071892e-01,6.674714894599672599e-01,5.796454064213971691e-01,8.327453877265952320e-01,-1.143037671828922353e+00,2.000000000000000444e+00
7.354709418837674928e-01,6.980772487581820007e-01,6.689517587381228481e-01,5.758913273895156504e-01,8.228635216577478984e-01,-1.150171997887711184e+00,2.000000000000000000e+00
7.374749498997995589e-01,7.003258910516783065e-01,6.704058354957630472e-01,5.721140163340581175e-01,8.129087972158881570e-01,-1.157229142136084743e+00,2.000000000000000888e+00
7.394789579158316251e-01,7.025524906267796021e-01,6.718337247972662185e-01,5.683137273912250986e-01,8.028818120432656968e-01,-1.164208227032485166e+00,2.000000000000000444e+00
7.414829659318636912e-01,7.047567149593428892e-01,6.732354380157431484e-01,5.644907175664056753e-01,7.927831785949318588e-01,-1.171108377451427929e+00,2.000000000000000000e+00
7.434869739478957573e-01,7.069382307744614957e-01,6.746109928702224146e-01,5.606452467257569960e-01,7.826135241965711531e-01,-1.177928720994875667e+00,2.000000000000000444e+00
7.454909819639278235e-01,7.090967041551571315e-01,6.759604134605446957e-01,5.567775775867592758e-01,7.723734910948294452e-01,-1.184668388307034137e+00,2.000000000000000444e+00
7.474949899799598896e-01,7.112318006529492198e-01,6.772837302999004105e-01,5.528879757077347357e-01,7.620637365000058061e-01,-1.191326513392382491e+00,2.000000000000000888e+00
7.494989979959919557e-01,7.133431854002457717e-01,6.785809803449441846e-01,5.489767094763198241e-01,7.516849326209559257e-01,-1.197902233936738892e+00,2.000000000000000444e+00
7.515030060120240218e-01,7.154305232244985158e-01,6.798522070234221948e-01,5.450440500968823931e-01,7.412377666920793029e-01,-1.204394691631169190e+00,2.000000000000000444e+00
7.535070140280560880e-01,7.174934787640624423e-01,6.810974602592485549e-01,5.410902715768731719e-01,7.307229409922657570e-01,-1.210803032498520837e+00,2.000000000000000444e+00
7.555110220440881541e-01,7.195317165856968122e-01,6.823167964949689024e-01,5.371156507121049861e-01,7.201411728556770253e-01,-1.217126407222376416e+00,2.000000000000000000e+00
7.575150300601202202e-01,7.215449013036434600e-01,6.835102787115504563e-01,5.331204670709508431e-01,7.094931946742382145e-01,-1.223363971478212076e+00,2.000000000000000000e+00
7.595190380761522864e-01,7.235326977002144444e-01,6.846779764454395956e-01,5.291050029774548857e-01,6.987797538917440709e-01,-1.229514886266528162e+00,2.000000000000000000e+00
7.615230460921843525e-01,7.254947708478193258e-01,6.858199658028296675e-01,5.250695434933493333e-01,6.880016129894663823e-01,-1.235578318247731566e+00,2.000000000000000000e+00
7.635270541082164186e-01,7.274307862323605711e-01,6.869363294710820744e-01,5.210143763989730781e-01,6.771595494631582612e-01,-1.241553440078538406e+00,2.000000000000000000e+00
7.655310621242484848e-01,7.293404098779220357e-01,6.880271567272482347e-01,5.169397921730862766e-01,6.662543557913802594e-01,-1.247439430749650802e+00,2.000000000000000000e+00
7.675350701402805509e-01,7.312233084726745824e-01,6.890925434436393493e-01,5.128460839715778263e-01,6.552868393950461723e-01,-1.253235475924477260e+00,2.000000000000000000e+00
7.695390781563125060e-01,7.330791494959197907e-01,6.901325920903941258e-01,5.087335476050629524e-01,6.442578225881393506e-01,-1.258940768278631106e+00,2.000000000000000444e+00
7.715430861723445721e-01,7.349076013461911527e-01,6.911474117349971635e-01,5.046024815153671295e-01,6.331681425194822799e-01,-1.264554507839985797e+00,2.000000000000000000e+00
7.735470941883766383e-01,7.367083334703284914e-01,6.921371180387008160e-01,5.004531867508983378e-01,6.220186511055540990e-01,-1.270075902329001361e+00,2.000000000000000000e+00
7.755511022044087044e-01,7.384810164934429988e-01,6.931018332498087853e-01,4.962859669409025454e-01,6.108102149542579129e-01,-1.275504167499084796e+00,2.000000000000000000e+00
7.775551102204407705e-01,7.402253223496836343e-01,6.940416861937797055e-01,4.921011282686070798e-01,5.995437152796121438e-01,-1.280838527476715116e+00,2.000000000000000444e+00
7.795591182364728366e-01,7.419409244137176174e-01,6.949568122601116338e-01,4.878989794432502247e-01,5.882200478073235095e-01,-1.286078215101068567e+00,2.000000000000000444e+00
7.815631262525049028e-01,7.436274976328335340e-01,6.958473533859729221e-01,4.836798316710003709e-01,5.768401226712178698e-01,-1.291222472262876453e+00,2.000000000000000444e+00
7.835671342685369689e-01,7.452847186595754625e-01,6.967134580365450525e-01,4.794439986247676644e-01,5.654048643004865315e-01,-1.296270550242251129e+00,2.000000000000000000e+00
7.855711422845690350e-01,7.469122659848136392e-01,6.975552811820467936e-01,4.751917964129112604e-01,5.539152112977672182e-01,-1.301221710045198376e+00,2.000000000000000444e+00
7.875751503006011012e-01,7.485098200711567396e-01,6.983729842714133662e-01,4.709235435468478448e-01,5.423721163080305052e-01,-1.306075222738548147e+00,2.000000000000000000e+00
7.895791583166331673e-01,7.500770634866082975e-01,6.991667352026041948e-01,4.666395609075663087e-01,5.307765458782880419e-01,-1.310830369783029470e+00,2.000000000000000000e+00
7.915831663326652334e-01,7.516136810383698963e-01,6.999367082895185943e-01,4.623401717110555142e-01,5.191294803081328846e-01,-1.315486443364205948e+00,2.000000000000000444e+00
7.935871743486972996e-01,7.531193599066909883e-01,7.006830842255001857e-01,4.580257014726524800e-01,5.074319134911372542e-01,-1.320042746721000526e+00,2.000000000000000444e+00
7.955911823647293657e-01,7.545937897786652027e-01,7.014060500434142753e-01,4.536964779703194783e-01,4.956848527471433008e-01,-1.324498594471524182e+00,2.000000000000000444e+00
7.975951903807614318e-01,7.560366629818713324e-01,7.021057990722862074e-01,4.493528312068589270e-01,4.838893186454820139e-01,-1.328853312935935671e+00,2.000000000000000444e+00
7.995991983967934980e-01,7.574476746177566389e-01,7.027825308904911417e-01,4.449950933710768997e-01,4.720463448191732359e-01,-1.333106240456048086e+00,2.000000000000000444e+00
8.016032064128255641e-01,7.588265226946591113e-01,7.034364512754891496e-01,4.406235987979055801e-01,4.601569777701768893e-01,-1.337256727711406024e+00,2.000000000000000444e+00
8.036072144288576302e-01,7.601729082603649879e-01,7.040677721501039654e-01,4.362386839274975392e-01,4.482222766657482649e-01,-1.341304138031555349e+00,2.000000000000000444e+00
8.056112224448896963e-01,7.614865355340966202e-01,7.046767115253448344e-01,4.318406872633039351e-01,4.362433131259966235e-01,-1.345247847704226452e+00,2.000000000000000000e+00
8.076152304609217625e-01,7.627671120378265446e-01,7.052634934397770117e-01,4.274299493291510155e-01,4.242211710027207761e-01,-1.349087246279157659e+00,2.000000000000000000e+00
8.096192384769538286e-01,7.640143487268112876e-01,7.058283478954476831e-01,4.230068126253294092e-01,4.121569461496262243e-01,-1.352821736867283908e+00,2.000000000000000444e+00
8.116232464929858947e-01,7.652279601192405467e-01,7.063715107903792978e-01,4.185716215837119170e-01,4.000517461840422673e-01,-1.356450736435016680e+00,2.000000000000000444e+00
8.136272545090179609e-01,7.664076644248962733e-01,7.068932238476441920e-01,4.141247225219162331e-01,3.879066902402345529e-01,-1.359973676093352513e+00,2.000000000000000444e+00
8.156312625250500270e-01,7.675531836727155222e-01,7.073937345410394872e-01,4.096664635965300283e-01,3.757229087144617341e-01,-1.363390001381535876e+00,2.000000000000000000e+00
8.176352705410820931e-01,7.686642438371530384e-01,7.078732960173836908e-01,4.051971947554167119e-01,3.635015430019006843e-01,-1.366699172545018159e+00,2.000000000000000000e+00
8.196392785571141593e-01,7.697405749632374450e-01,7.083321670154605343e-01,4.007172676891207486e-01,3.512437452255979808e-01,-1.369900664807450763e+00,2.000000000000000444e+00
8.216432865731462254e-01,7.707819112902184466e-01,7.087706117816393592e-01,3.962270357813927335e-01,3.389506779575789941e-01,-1.372993968636460504e+00,2.000000000000000444e+00
8.236472945891782915e-01,7.717879913736996889e-01,7.091888999822032469e-01,3.917268540588548786e-01,3.266235139323158121e-01,-1.375978590002950197e+00,2.000000000000000444e+00
8.256513026052103577e-01,7.727585582061555769e-01,7.095873066124231965e-01,3.872170791398285572e-01,3.142634357526884470e-01,-1.378854050633683270e+00,2.000000000000000000e+00
8.276553106212424238e-01,7.736933593357296912e-01,7.099661119024154310e-01,3.826980691823461123e-01,3.018716355886467695e-01,-1.381619888256909734e+00,2.000000000000000444e+00
8.296593186372744899e-01,7.745921469832136586e-01,7.103256012198273517e-01,3.781701838313704656e-01,2.894493148687591888e-01,-1.384275656840791902e+00,2.000000000000000000e+00
8.316633266533065560e-01,7.754546781571073355e-01,7.106660649693967713e-01,3.736337841652460079e-01,2.769976839648382594e-01,-1.386820926824410272e+00,2.000000000000000888e+00
8.336673346693386222e-01,7.762807147666606067e-01,7.109877984894361624e-01,3.690892326414059177e-01,2.645179618698629276e-01,-1.389255285341111756e+00,2.000000000000000000e+00
8.356713426853706883e-01,7.770700237328016513e-01,7.112911019452943240e-01,3.645368930413609987e-01,2.520113758694029760e-01,-1.391578336433997087e+00,2.000000000000000444e+00
8.376753507014027544e-01,7.778223770968542006e-01,7.115762802198530856e-01,3.599771304149961271e-01,2.394791612067737052e-01,-1.393789701263322023e+00,2.000000000000000444e+00
8.396793587174348206e-01,7.785375521269519705e-01,7.118436428011188921e-01,3.554103110242014529e-01,2.269225607421532509e-01,-1.395889018305618734e+00,2.000000000000000444e+00
8.416833667334668867e-01,7.792153314220567895e-01,7.120935036669732154e-01,3.508368022858652790e-01,2.143428246058974584e-01,-1.397875943544335309e+00,2.000000000000000444e+00
8.436873747494989528e-01,7.798555030134919352e-01,7.123261811671479649e-01,3.462569727142570386e-01,2.017412098463067516e-01,-1.399750150651804192e+00,2.000000000000000000e+00
8.456913827655310190e-01,7.804578604639014205e-01,7.125419979024968375e-01,3.416711918628291267e-01,1.891189800720798342e-01,-1.401511331162362151e+00,2.000000000000000000e+00
8.476953907815630851e-01,7.810222029635514041e-01,7.127412806016346636e-01,3.370798302654666179e-01,1.764774050897276736e-01,-1.403159194636444784e+00,2.000000000000000000e+00
8.496993987975951512e-01,7.815483354238889069e-01,7.129243599950211285e-01,3.324832593772146239e-01,1.638177605362195755e-01,-1.404693468815491286e+00,1.999999999999999778e+00
8.517034068136272174e-01,7.820360685682780089e-01,7.130915706865681436e-01,3.278818515145139334e-01,1.511413275071129825e-01,-1.406113899767507336e+00,2.000000000000000000e+00
8.537074148296592835e-01,7.824852190198350321e-01,7.132432510228523537e-01,3.232759797949755765e-01,1.384493921804574312e-01,-1.407420252023134033e+00,2.000000000000000444e+00
8.557114228456913496e-01,7.828956093862875498e-01,7.133797429600170492e-01,3.186660180767257322e-01,1.257432454367490571e-01,-1.408612308702090532e+00,2.000000000000000000e+00
8.577154308617234157e-01,7.832670683417840563e-01,7.135013919284517447e-01,3.140523408973523445e-01,1.130241824752359764e-01,-1.409689871629857816e+00,2.000000000000000444e+00
8.597194388777554819e-01,7.835994307055849095e-01,7.136085466953377976e-01,3.094353234124861962e-01,1.002935024268475361e-01,-1.410652761444486814e+00,2.000000000000000444e+00
8.617234468937875480e-01,7.838925375175678223e-01,7.137015592251533258e-01,3.048153413340484730e-01,8.755250796405038283e-02,-1.411500817693424059e+00,1.999999999999999778e+00
8.637274549098196141e-01,7.841462361104838408e-01,7.137807845382316829e-01,3.001927708681978446e-01,7.480250490794883300e-02,-1.412233898920251862e+00,1.999999999999999778e+00
8.657314629258516803e-01,7.843603801789039709e-01,7.138465805674701903e-01,2.955679886530101497e-01,6.204480183290610878e-02,-1.412851882741257281e+00,2.000000000000000000e+00
8.677354709418837464e-01,7.845348298447986091e-01,7.138993080132877145e-01,2.909413716959242113e-01,4.928070966900949951e-02,-1.413354665911751740e+00,2.000000000000000444e+00
8.697394789579158125e-01,7.846694517196964869e-01,7.139393301969324535e-01,2.863132973109875357e-01,3.651154130268785547e-02,-1.413742164382070898e+00,2.000000000000000000e+00
8.717434869739478787e-01,7.847641189633726144e-01,7.139670129122421827e-01,2.816841430559353654e-01,2.373861117579382715e-02,-1.414014313343201268e+00,2.000000000000000444e+00
8.737474949899798338e-01,7.848187113390178160e-01,7.139827242759618775e-01,2.770542866691380057e-01,1.096323488346053095e-02,-1.414171067261980941e+00,2.000000000000000000e+00
8.757515030060118999e-01,7.848331152648476694e-01,7.139868345767240720e-01,2.724241060064482856e-01,-1.813271228959293128e-03,-1.414212399905845352e+00,2.000000000000000444e+00
8.777555110220439660e-01,7.848072238621101038e-01,7.139797161227998679e-01,2.677939789779883450e-01,-1.458959046952064756e-02,-1.414138304357084985e+00,1.999999999999999778e+00
8.797595190380760322e-01,7.847409369994561290e-01,7.139617430887291727e-01,2.631642834849037271e-01,-2.736440620360989021e-02,-1.413948793016608585e+00,2.000000000000000444e+00
8.817635270541080983e-01,7.846341613336415000e-01,7.139332913609403031e-01,2.585353973561240748e-01,-4.013640225780960163e-02,-1.413643897597198995e+00,2.000000000000000888e+00
8.837675350701401644e-01,7.844868103465305609e-01,7.138947383824696402e-01,2.539076982851626862e-01,-5.290426332340583682e-02,-1.413223669106276947e+00,2.000000000000000000e+00
8.857715430861722306e-01,7.842988043783781782e-01,7.138464629968934716e-01,2.492815637669895112e-01,-6.566667535921524856e-02,-1.412688177818186341e+00,2.000000000000000444e+00
8.877755511022042967e-01,7.840700706573682233e-01,7.137888452915845949e-01,2.446573710350122832e-01,-7.842232599341183996e-02,-1.412037513236026998e+00,2.000000000000000000e+00
8.897795591182363628e-01,7.838005433253919518e-01,7.137222664404069272e-01,2.400354969981993991e-01,-9.116990492404157542e-02,-1.411271784043081290e+00,2.000000000000000444e+00
8.917835671342684289e-01,7.834901634600536235e-01,7.136471085459613617e-01,2.354163181783789638e-01,-1.039081043179176655e-01,-1.410391118043876846e+00,2.000000000000000000e+00
8.937875751503004951e-01,7.831388790928932586e-01,7.135637544814980027e-01,2.308002106477475279e-01,-1.166356192075632403e-01,-1.409395662094952151e+00,2.000000000000000000e+00
8.957915831663325612e-01,7.827466452238222017e-01,7.134725877326073551e-01,2.261875499666223810e-01,-1.293511478859277197e-01,-1.408285582025390559e+00,2.000000000000000000e+00
8.977955911823646273e-01,7.823134238317696054e-01,7.133739922388061538e-01,2.215787111214705118e-01,-1.420533922985347530e-01,-1.407061062547208197e+00,1.999999999999999778e+00
8.997995991983966935e-01,7.818391838815422767e-01,7.132683522351306316e-01,2.169740684632475713e-01,-1.547410584327771621e-01,-1.405722307155685913e+00,2.000000000000000888e+00
9.018036072144287596e-01,7.813239013269046573e-01,7.131560520938519110e-01,2.123739956460792555e-01,-1.674128567040625570e-01,-1.404269538019744079e+00,2.000000000000000444e+00
9.038076152304608257e-01,7.807675591098889312e-01,7.130374761664265426e-01,2.077788655663179163e-01,-1.800675023385034934e-01,-1.402702995862478819e+00,2.000000000000000000e+00
9.058116232464928919e-01,7.801701471563489143e-01,7.129130086257943200e-01,2.031890503020061245e-01,-1.927037157518739774e-01,-1.401022939831972014e+00,2.000000000000000444e+00
9.078156312625249580e-01,7.795316623677768231e-01,7.127830333091367265e-01,1.986049210527789100e-01,-2.053202229245235377e-01,-1.399229647362513651e+00,2.000000000000000444e+00
9.098196392785570241e-01,7.788521086094029044e-01,7.126479335612060373e-01,1.940268480802359030e-01,-2.179157557720032834e-01,-1.397323414026372390e+00,2.000000000000000444e+00
9.118236472945890903e-01,7.781314966946050182e-01,7.125080920783356531e-01,1.894552006488139373e-01,-2.304890525110901145e-01,-1.395304553376265577e+00,2.000000000000000000e+00
9.138276553106211564e-01,7.773698443656554824e-01,7.123638907532412468e-01,1.848903469671904498e-01,-2.430388580209734417e-01,-1.393173396778685902e+00,2.000000000000000888e+00
9.158316633266532225e-01,7.765671762708390435e-01,7.122157105207199690e-01,1.803326541302472108e-01,-2.555639241993089561e-01,-1.390930293238252125e+00,2.000000000000000000e+00
9.178356713426852886e-01,7.757235239379779435e-01,7.120639312043542946e-01,1.757824880616236651e-01,-2.680630103129171271e-01,-1.388575609213260398e+00,2.000000000000000444e+00
9.198396793587173548e-01,7.748389257444031619e-01,7.119089313643252037e-01,1.712402134568881129e-01,-2.805348833428292776e-01,-1.386109728422618703e+00,2.000000000000000444e+00
9.218436873747494209e-01,7.739134268834153563e-01,7.117510881464389483e-01,1.667061937273549843e-01,-2.929783183234956900e-01,-1.383533051644353362e+00,2.000000000000000444e+00
9.238476953907814870e-01,7.729470793272822382e-01,7.115907771324674336e-01,1.621807909445751317e-01,-3.053920986758663636e-01,-1.380845996505892126e+00,2.000000000000000444e+00
9.258517034068135532e-01,7.719399417868214597e-01,7.114283721919031356e-01,1.576643657855259506e-01,-3.177750165341457489e-01,-1.378048997266325015e+00,2.000000000000000444e+00
9.278557114228456193e-01,7.708920796676218545e-01,7.112642453352254757e-01,1.531572774785271984e-01,-3.301258730659889506e-01,-1.375142504590858294e+00,2.000000000000000444e+00
9.298597194388776854e-01,7.698035650229599902e-01,7.110987665687744652e-01,1.486598837499076009e-01,-3.424434787859342300e-01,-1.372126985317680958e+00,2.000000000000000000e+00
9.318637274549097516e-01,7.686744765034695392e-01,7.109323037513249899e-01,1.441725407714469775e-01,-3.547266538618533693e-01,-1.369002922217470442e+00,2.000000000000000444e+00
9.338677354709418177e-01,7.675048993036261979e-01,7.107652224524521056e-01,1.396956031086172278e-01,-3.669742284142405442e-01,-1.365770813745766477e+00,2.000000000000000444e+00
9.358717434869738838e-01,7.662949251051128785e-01,7.105978858127772746e-01,1.352294236696454655e-01,-3.791850428081270374e-01,-1.362431173788459349e+00,2.000000000000000000e+00
9.378757515030059499e-01,7.650446520171317877e-01,7.104306544061801398e-01,1.307743536554213937e-01,-3.913579479374781345e-01,-1.358984531400621254e+00,2.000000000000000000e+00
9.398797595190380161e-01,7.637541845137337804e-01,7.102638861040606599e-01,1.263307425102700166e-01,-4.034918055018623662e-01,-1.355431430538943882e+00,2.000000000000000444e+00
9.418837675350700822e-01,7.624236333682377076e-01,7.100979359417314285e-01,1.218989378736107382e-01,-4.155854882752538226e-01,-1.351772429788024255e+00,2.000000000000000000e+00
9.438877755511021483e-01,7.610531155848133666e-01,7.099331559870191155e-01,1.174792855325220015e-01,-4.276378803668204887e-01,-1.348008102080760384e+00,2.000000000000000888e+00
9.458917835671342145e-01,7.596427543273059912e-01,7.097698952111497483e-01,1.130721293752307705e-01,-4.396478774735261830e-01,-1.344139034413115885e+00,2.000000000000000000e+00
9.478957915831662806e-01,7.581926788453814403e-01,7.096084993619906633e-01,1.086778113455446060e-01,-4.516143871244592822e-01,-1.340165827553515543e+00,2.000000000000000000e+00
9.498997995991983467e-01,7.567030243980722437e-01,7.094493108397182946e-01,1.042966713982435567e-01,-4.635363289166988809e-01,-1.336089095747147404e+00,2.000000000000000000e+00
9.519038076152304129e-01,7.551739321748083267e-01,7.092926685749787463e-01,9.992904745544808898e-02,-4.754126347426734234e-01,-1.331909466415427845e+00,2.000000000000000444e+00
9.539078156312624790e-01,7.536055492140166789e-01,7.091389079096037662e-01,9.557527536397850132e-02,-4.872422490088546554e-01,-1.327627579850913397e+00,2.000000000000000000e+00
9.559118236472945451e-01,7.519980283193768988e-01,7.089883604799437355e-01,9.123568885372017323e-02,-4.990241288457110680e-01,-1.323244088907930660e+00,2.000000000000000444e+00
9.579158316633266113e-01,7.503515279738195431e-01,7.088413541028737441e-01,8.691061949700834566e-02,-5.107572443088351788e-01,-1.318759658689196090e+00,2.000000000000000000e+00
9.599198396793586774e-01,7.486662122513576545e-01,7.086982126645271496e-01,8.260039666904495093e-02,-5.224405785711617733e-01,-1.314174966228709662e+00,2.000000000000000444e+00
9.619238476953907435e-01,7.469422507268407285e-01,7.085592560118082472e-01,7.830534750935938537e-02,-5.340731281062056635e-01,-1.309490700171197286e+00,2.000000000000000000e+00
9.639278557114228096e-01,7.451798183837238243e-01,7.084247998467304575e-01,7.402579688432400773e-02,-5.456539028622829912e-01,-1.304707560448378212e+00,2.000000000000000000e+00
9.659318637274548758e-01,7.433790955199441886e-01,7.082951556236254387e-01,6.976206735073427201e-02,-5.571819264276314243e-01,-1.299826257952344077e+00,2.000000000000000000e+00
9.679358717434869419e-01,7.415402676519979863e-01,7.081706304492639825e-01,6.551447912046254318e-02,-5.686562361864250237e-01,-1.294847514206321160e+00,2.000000000000000444e+00
9.699398797595190080e-01,7.396635254173129503e-01,7.080515269859266603e-01,6.128335002619368643e-02,-5.800758834656352114e-01,-1.289772061033096939e+00,2.000000000000000000e+00
9.719438877755510742e-01,7.377490644750102078e-01,7.079381433574589710e-01,5.706899548824958396e-02,-5.914399336727086398e-01,-1.284600640221396750e+00,2.000000000000000444e+00
9.739478957915831403e-01,7.357970854051519849e-01,7.078307730583422996e-01,5.287172848250894924e-02,-6.027474664240826119e-01,-1.279334003190468527e+00,2.000000000000000444e+00
9.759519038076150954e-01,7.338077936065702245e-01,7.077297048658092171e-01,4.869185950942793439e-02,-6.139975756644923122e-01,-1.273972910653176527e+00,2.000000000000000444e+00
9.779559118236471615e-01,7.317813991933715956e-01,7.076352227550275487e-01,4.452969656416472938e-02,-6.251893697771261360e-01,-1.268518132277848043e+00,2.000000000000000000e+00
9.799599198396792277e-01,7.297181168902167059e-01,7.075476058173757465e-01,4.038554510781512674e-02,-6.363219716845891494e-01,-1.262970446349175990e+00,2.000000000000000000e+00
9.819639278557112938e-01,7.276181659264676638e-01,7.074671281818276647e-01,3.625970803975717138e-02,-6.473945189407386280e-01,-1.257330639428424046e+00,2.000000000000000000e+00
9.839679358717433599e-01,7.254817699293012456e-01,7.073940589394622780e-01,3.215248567111016198e-02,-6.584061638134206529e-01,-1.251599506013203689e+00,2.000000000000000444e+00
9.859719438877754261e-01,7.233091568158830365e-01,7.073286620711106698e-01,2.806417569930760164e-02,-6.693560733581155331e-01,-1.245777848197103355e+00,2.000000000000000000e+00
9.879759519038074922e-01,7.211005586846981341e-01,7.072711963781495026e-01,2.399507318378439266e-02,-6.802434294825900896e-01,-1.239866475329406192e+00,2.000000000000000444e+00
9.899799599198395583e-01,7.188562117061336743e-01,7.072219154164474109e-01,1.994547052277755028e-02,-6.910674290025637934e-01,-1.233866203675174411e+00,2.000000000000000444e+00
9.919839679358716245e-01,7.165763560124067677e-01,7.071810674334674252e-01,1.591565743123883603e-02,-7.018272836884940080e-01,-1.227777856075939367e+00,2.000000000000000000e+00
9.939879759519036906e-01,7.142612355869328855e-01,7.071488953085249829e-01,1.190592091985689591e-02,-7.125222203035208590e-01,-1.221602261611258289e+00,2.000000000000000000e+00
9.959919839679357567e-01,7.119110981532267290e-01,7.071256364962001939e-01,7.916545275185697672e-03,-7.231514806326739819e-01,-1.215340255261369684e+00,2.000000000000000000e+00
9.979959919839678228e-01,7.095261950634288439e-01,7.071115229728975882e-01,3.947812040875249562e-03,-7.337143215034170884e-01,-1.208992677571200325e+00,2.000000000000000000e+00
1.000000000000000000e+00,7.071067811865476838e-01,7.071067811865454633e-01,-4.380176776841437913e-16,-7.442100147976105085e-01,-1.202560374315959635e+00,2.000000000000000444e+00
